modelo,snr_label,snr_x,f1
Transfer Learning V2,Limpio,25,0.9676192959746036
Transfer Learning V2,20 dB,20,0.9905459700142624
Transfer Learning V2,15 dB,15,0.9773971161809099
Transfer Learning V2,10 dB,10,0.981577433328821
Transfer Learning V2,5 dB,5,0.9409329777380725
Transfer Learning V2,0 dB,0,0.884351748012258
