{"train_loss": [1.799809311700599, 1.2027779830406107, 0.7869413722237086, 0.5697471228868309, 0.4464502878090241, 0.3732130330430338, 0.31841525934368753, 0.28521792019410214, 0.25910720114975705, 0.23548857486488875, 0.22181740136681713, 0.20870537659418736, 0.19263900093474245, 0.18538974194631774, 0.17675246794497176, 0.16826517947606606, 0.16441657101895296, 0.15435878432186467, 0.15076005495292907, 0.14330969689102568, 0.13871034077969602, 0.13783466721325527, 0.13054445432853398, 0.12641755464857987, 0.12395299489631158, 0.11999226435730578, 0.11772070303207399, 0.11487003198045992, 0.10986677431815474, 0.1099804985737494, 0.10416948350747093, 0.09928996377504581, 0.1000902320250255, 0.09619199849491168, 0.09481946496834001, 0.09381773853657424, 0.09022867123576087, 0.0866754757891925, 0.08819692350539854, 0.08755425763275153, 0.08258298338554375, 0.08324565284679455, 0.07886084771100006, 0.07961764296834956], "train_acc": [0.7003411178168459, 0.8929414851744949, 0.8989766465494621, 0.9023878247179218, 0.9099973760167935, 0.9176069273156652, 0.9197061138808712, 0.9281028601416951, 0.9265284702177906, 0.9312516399895041, 0.9359748097612175, 0.9375491996851221, 0.940697979532931, 0.9456835476252952, 0.941747572815534, 0.9441091577013907, 0.9451587509839937, 0.9525059039622147, 0.9493571241144056, 0.9511939123589609, 0.9543426922067699, 0.9509315140383101, 0.9572290737339281, 0.9559170821306744, 0.9556546838100236, 0.9551298871687222, 0.9582786670165311, 0.9590658619784833, 0.9569666754132774, 0.9593282602991341, 0.9622146418262923, 0.9630018367882446, 0.9622146418262923, 0.9648386250327998, 0.9648386250327998, 0.9653634216741013, 0.9685122015219103, 0.967725006559958, 0.9685122015219103, 0.9690369981632118, 0.9700865914458148, 0.9679874048806087, 0.9664130149567043, 0.9737601679349253], "val_loss": [1.3914378259240128, 0.8038209260963812, 0.5175334837378525, 0.37435374652467124, 0.3057202549969278, 0.2554094592245614, 0.2247293793573612, 0.2009514661823831, 0.18631515611962574, 0.17356021884011058, 0.1622233105868828, 0.15360175676462126, 0.14737642378341861, 0.14263278827434633, 0.13757017320249137, 0.1337470160751808, 0.13132248273709926, 0.1290251770397512, 0.12526718654283664, 0.1226535307198036, 0.12159381901345602, 0.12213013775464965, 0.12016406887915076, 0.11870618578864307, 0.11973256599612353, 0.12045407782240612, 0.11784022406833927, 0.11658851715122781, 0.11906294379292465, 0.11840910773451735, 0.11853768840068724, 0.11576070407541787, 0.11780436482371354, 0.11831268261118633, 0.12047591929028674, 0.12131493862082318, 0.11961652236740763, 0.12076656069697403, 0.12173528133369074, 0.11831829918593895, 0.12457771926391416, 0.12127804719820255, 0.12887111713246602, 0.12474086306444028], "val_acc": [0.9170731707317074, 0.926829268292683, 0.926829268292683, 0.9317073170731708, 0.9463414634146341, 0.9365853658536586, 0.9512195121951219, 0.9560975609756097, 0.9560975609756097, 0.9560975609756097, 0.9560975609756097, 0.9560975609756097, 0.9560975609756097, 0.9560975609756097, 0.9560975609756097, 0.9560975609756097, 0.9560975609756097, 0.9512195121951219, 0.9560975609756097, 0.9512195121951219, 0.9560975609756097, 0.9512195121951219, 0.9512195121951219, 0.9560975609756097, 0.9560975609756097, 0.9463414634146341, 0.9463414634146341, 0.9463414634146341, 0.9560975609756097, 0.9560975609756097, 0.9512195121951219, 0.9560975609756097, 0.9560975609756097, 0.9512195121951219, 0.9560975609756097, 0.9512195121951219, 0.9560975609756097, 0.9512195121951219, 0.9512195121951219, 0.9512195121951219, 0.9560975609756097, 0.9512195121951219, 0.9463414634146341, 0.9512195121951219]}