modelo,snr_label,snr_x,f1
CNN,Limpio,25,0.8106111707441495
Transfer Learning,Limpio,25,0.9672301576013708
CNN,20 dB,20,0.2677627380595622
Transfer Learning,20 dB,20,0.9564404168935927
CNN,15 dB,15,0.2378817746648459
Transfer Learning,15 dB,15,0.940434677398813
CNN,10 dB,10,0.17095306513409964
Transfer Learning,10 dB,10,0.9172111382481627
CNN,5 dB,5,0.030841799709724237
Transfer Learning,5 dB,5,0.7522017020336514
CNN,0 dB,0,0.020642201834862386
Transfer Learning,0 dB,0,0.5724290259038187
