modelo,snr_label,snr_x,f1
CNN,Limpio,25,0.9072256352103547
Transfer Learning,Limpio,25,0.9665537106887698
CNN,20 dB,20,0.49984401976259485
Transfer Learning,20 dB,20,0.9553762673687829
CNN,15 dB,15,0.40131028824227377
Transfer Learning,15 dB,15,0.9516579871397646
CNN,10 dB,10,0.31328834731349364
Transfer Learning,10 dB,10,0.9487060945079169
CNN,5 dB,5,0.22633356371028912
Transfer Learning,5 dB,5,0.9189205556810189
CNN,0 dB,0,0.1374651899922401
Transfer Learning,0 dB,0,0.8285381090970801
