modelo,snr_label,snr_x,f1
CNN,Limpio,25,0.835422672603457
Transfer Learning,Limpio,25,0.9755636220733019
CNN,20 dB,20,0.32125553709856036
Transfer Learning,20 dB,20,0.960513901369209
CNN,15 dB,15,0.2356720469115055
Transfer Learning,15 dB,15,0.940434677398813
CNN,10 dB,10,0.10365626121740656
Transfer Learning,10 dB,10,0.9238851493283012
CNN,5 dB,5,0.05005500550055005
Transfer Learning,5 dB,5,0.7384095528455284
CNN,0 dB,0,0.020454545454545454
Transfer Learning,0 dB,0,0.5517420851933436
