{
  "train_loss": [
    2.3117,
    2.030213,
    1.860214,
    1.72039,
    1.630557,
    1.591029,
    1.497614,
    1.414593,
    1.367749,
    1.358672,
    1.236357,
    1.266253,
    1.166903,
    1.163711,
    1.118834,
    1.077043,
    1.092969,
    1.046405,
    1.064323,
    1.011659,
    1.005331,
    0.955692,
    0.895388,
    0.889749,
    0.844137,
    0.828685,
    0.807112,
    0.8176,
    0.80556,
    0.77421,
    0.738654,
    0.761353,
    0.744562,
    0.729397,
    0.678506,
    0.696953,
    0.698556,
    0.71178,
    0.720016,
    0.672391,
    0.647748,
    0.653269,
    0.616122,
    0.658475,
    0.62191,
    0.634076,
    0.644186,
    0.627179,
    0.593698,
    0.60446,
    0.619502,
    0.611449,
    0.610225,
    0.588094,
    0.566005,
    0.576718,
    0.591805,
    0.602559,
    0.576413,
    0.56522,
    0.598107,
    0.590614,
    0.606049,
    0.583646,
    0.560553,
    0.569327,
    0.547394,
    0.573142,
    0.58733,
    0.570854,
    0.544571,
    0.52664,
    0.554708,
    0.544603,
    0.548735,
    0.553606,
    0.559551,
    0.542163,
    0.532373,
    0.544148,
    0.516399,
    0.540477,
    0.500167,
    0.530678
  ],
  "val_loss": [
    2.109086,
    1.731293,
    1.541387,
    1.416133,
    1.556909,
    1.261734,
    1.203036,
    1.233396,
    1.177641,
    1.083282,
    1.109925,
    1.245901,
    1.118806,
    1.237593,
    0.836941,
    1.352829,
    0.846297,
    0.960947,
    0.913441,
    0.880047,
    0.869929,
    0.74622,
    0.746195,
    0.602929,
    0.669748,
    0.603406,
    0.603153,
    0.670324,
    0.764687,
    0.636603,
    0.542575,
    0.572341,
    0.532561,
    0.54119,
    0.554048,
    0.483253,
    0.525254,
    0.549175,
    0.497963,
    0.505174,
    0.544009,
    0.497866,
    0.467393,
    0.508269,
    0.504785,
    0.462544,
    0.489805,
    0.510661,
    0.451974,
    0.516356,
    0.52488,
    0.48675,
    0.45996,
    0.429638,
    0.460405,
    0.446432,
    0.420212,
    0.465102,
    0.480491,
    0.452748,
    0.428899,
    0.431387,
    0.452036,
    0.416445,
    0.417042,
    0.419929,
    0.438949,
    0.43007,
    0.440207,
    0.415249,
    0.441981,
    0.446148,
    0.447213,
    0.407626,
    0.416265,
    0.437279,
    0.490102,
    0.431496,
    0.455836,
    0.448602,
    0.424948,
    0.441092,
    0.463496,
    0.428051
  ],
  "train_acc": [
    0.224824,
    0.331382,
    0.346019,
    0.385246,
    0.391686,
    0.394614,
    0.412763,
    0.451991,
    0.454333,
    0.460773,
    0.483021,
    0.487119,
    0.490047,
    0.505269,
    0.502927,
    0.558548,
    0.52459,
    0.557377,
    0.527518,
    0.559719,
    0.555035,
    0.583138,
    0.591335,
    0.603044,
    0.598361,
    0.619438,
    0.625293,
    0.623536,
    0.62822,
    0.641686,
    0.65281,
    0.644028,
    0.644028,
    0.659251,
    0.672131,
    0.6774,
    0.669204,
    0.678571,
    0.663934,
    0.668618,
    0.6774,
    0.669789,
    0.678571,
    0.685012,
    0.681499,
    0.692623,
    0.699063,
    0.689696,
    0.685012,
    0.68911,
    0.693794,
    0.694379,
    0.696136,
    0.708431,
    0.700234,
    0.696136,
    0.68911,
    0.710773,
    0.696721,
    0.713115,
    0.68267,
    0.704918,
    0.680328,
    0.699063,
    0.697307,
    0.714871,
    0.723068,
    0.72541,
    0.704333,
    0.69555,
    0.718384,
    0.724239,
    0.709016,
    0.728923,
    0.714286,
    0.724239,
    0.710187,
    0.720726,
    0.724239,
    0.712529,
    0.722482,
    0.7137,
    0.729508,
    0.720141
  ],
  "val_acc": [
    0.226776,
    0.396175,
    0.502732,
    0.519126,
    0.483607,
    0.557377,
    0.535519,
    0.464481,
    0.592896,
    0.576503,
    0.622951,
    0.557377,
    0.461749,
    0.63388,
    0.601093,
    0.273224,
    0.642077,
    0.527322,
    0.625683,
    0.592896,
    0.625683,
    0.631148,
    0.680328,
    0.696721,
    0.601093,
    0.691257,
    0.702186,
    0.70765,
    0.653005,
    0.726776,
    0.743169,
    0.740437,
    0.756831,
    0.773224,
    0.737705,
    0.734973,
    0.718579,
    0.751366,
    0.751366,
    0.751366,
    0.734973,
    0.726776,
    0.759563,
    0.745902,
    0.748634,
    0.754098,
    0.737705,
    0.789617,
    0.751366,
    0.778689,
    0.748634,
    0.756831,
    0.770492,
    0.773224,
    0.786885,
    0.778689,
    0.743169,
    0.778689,
    0.76776,
    0.789617,
    0.775956,
    0.762295,
    0.759563,
    0.781421,
    0.800546,
    0.781421,
    0.784153,
    0.773224,
    0.773224,
    0.778689,
    0.786885,
    0.775956,
    0.762295,
    0.784153,
    0.786885,
    0.765027,
    0.775956,
    0.773224,
    0.784153,
    0.781421,
    0.789617,
    0.795082,
    0.784153,
    0.786885
  ]
}