{
  "train_loss": [
    2.323135,
    2.021428,
    1.835646,
    1.690386,
    1.577964,
    1.610914,
    1.533633,
    1.416691,
    1.341657,
    1.358699,
    1.243699,
    1.232444,
    1.176039,
    1.183016,
    1.129917,
    1.063451,
    1.072452,
    1.014335,
    1.049412,
    0.999905,
    0.948677,
    0.89516,
    0.844293,
    0.875255,
    0.83815,
    0.856581,
    0.755667,
    0.782189,
    0.749933,
    0.730634,
    0.718012,
    0.68613,
    0.704182,
    0.694751,
    0.686204,
    0.652211,
    0.640249,
    0.659197,
    0.671228,
    0.624335,
    0.643259,
    0.619612,
    0.584926,
    0.616508,
    0.619223,
    0.587429,
    0.61385,
    0.560581,
    0.619378,
    0.587632,
    0.579601,
    0.572517,
    0.58789,
    0.591205,
    0.571896,
    0.569112,
    0.571349,
    0.54665
  ],
  "val_loss": [
    2.066609,
    1.893887,
    1.482493,
    1.41721,
    1.451631,
    1.472233,
    1.516194,
    1.394632,
    1.526642,
    1.336843,
    1.312694,
    1.172596,
    1.243961,
    1.249986,
    0.995557,
    1.009053,
    0.925933,
    0.935853,
    0.9166,
    1.072684,
    0.74926,
    0.935252,
    0.772227,
    0.963141,
    0.911398,
    0.94998,
    1.057481,
    0.708345,
    0.631041,
    0.714323,
    0.793821,
    0.792508,
    0.704641,
    0.724161,
    0.734416,
    0.560993,
    0.580289,
    0.53451,
    0.578592,
    0.555039,
    0.551746,
    0.516136,
    0.611243,
    0.540688,
    0.492041,
    0.602893,
    0.596516,
    0.48576,
    0.609567,
    0.511791,
    0.654346,
    0.601609,
    0.48603,
    0.490638,
    0.533607,
    0.550542,
    0.508673,
    0.530993
  ],
  "train_acc": [
    0.242974,
    0.325527,
    0.360656,
    0.386417,
    0.388759,
    0.391101,
    0.418618,
    0.442037,
    0.468384,
    0.45082,
    0.500585,
    0.486534,
    0.516979,
    0.5,
    0.539813,
    0.550351,
    0.532787,
    0.570843,
    0.552108,
    0.57377,
    0.616511,
    0.601874,
    0.611827,
    0.593091,
    0.608314,
    0.596019,
    0.631733,
    0.636417,
    0.635246,
    0.64637,
    0.65281,
    0.636417,
    0.669204,
    0.676815,
    0.665691,
    0.687354,
    0.686183,
    0.676815,
    0.678571,
    0.685597,
    0.67623,
    0.687354,
    0.690867,
    0.706089,
    0.692037,
    0.690867,
    0.7137,
    0.709602,
    0.70082,
    0.698478,
    0.696721,
    0.701991,
    0.701405,
    0.710187,
    0.712529,
    0.720726,
    0.717799,
    0.706089
  ],
  "val_acc": [
    0.423497,
    0.418033,
    0.497268,
    0.510929,
    0.346995,
    0.554645,
    0.368852,
    0.486339,
    0.398907,
    0.491803,
    0.459016,
    0.5,
    0.543716,
    0.565574,
    0.587432,
    0.642077,
    0.584699,
    0.478142,
    0.543716,
    0.551913,
    0.691257,
    0.590164,
    0.685792,
    0.647541,
    0.63388,
    0.612022,
    0.535519,
    0.721311,
    0.65847,
    0.713115,
    0.680328,
    0.718579,
    0.748634,
    0.639344,
    0.715847,
    0.724044,
    0.754098,
    0.721311,
    0.754098,
    0.73224,
    0.756831,
    0.734973,
    0.737705,
    0.759563,
    0.724044,
    0.740437,
    0.745902,
    0.748634,
    0.778689,
    0.743169,
    0.762295,
    0.743169,
    0.754098,
    0.726776,
    0.770492,
    0.740437,
    0.76776,
    0.737705
  ]
}