{
  "seeds": [
    42,
    123,
    456,
    789,
    1024
  ],
  "num_folds": 5,
  "best_val_acc_per_fold": [
    0.952286282306163,
    0.952286282306163,
    0.9562624254473161,
    0.9622266401590457,
    0.9622266401590457
  ],
  "mean_best_val_acc": 0.9570576540755467
}