{"train_loss": [1.679057776927948, 1.1876384342710178, 0.9311229603158103, 0.7792195284532176, 0.6392018281751208, 0.5720708618561426, 0.504576876345608, 0.4449489251193073, 0.46195299592283035, 0.4492782811737723, 0.3828699150019222, 0.3765113602081935, 0.34040641722579795, 0.35054083685908055, 0.331447154438744, 0.30026912451204324, 0.28696105329112875, 0.2744261127275725, 0.26660960353910923, 0.2679356000282698, 0.23325502106712925, 0.20432908540695077, 0.21326064463290903, 0.19189614846578074, 0.1680607145341734, 0.175241929711774, 0.15723649006233448, 0.19125857685382167, 0.17705358176802596, 0.15438572501039338, 0.16978401072426802, 0.16913269139412376, 0.14656181325618592, 0.15380716494595012, 0.1428443694797655, 0.14403402646227428, 0.1629081137944013, 0.15134118201159355, 0.1250954419374466, 0.12342128061896397, 0.10759380677094062, 0.11721552720862544, 0.10978566568034391, 0.10151153165174441, 0.08439609365692984, 0.10818762737067623, 0.08620132097146577], "train_acc": [0.4036458333333333, 0.5924479166666666, 0.6927083333333334, 0.75390625, 0.7925347222222222, 0.8025173611111112, 0.8198784722222222, 0.84765625, 0.8285590277777778, 0.8385416666666666, 0.8559027777777778, 0.8671875, 0.8715277777777778, 0.8719618055555556, 0.8776041666666666, 0.8923611111111112, 0.8949652777777778, 0.89453125, 0.8984375, 0.8993055555555556, 0.91796875, 0.9266493055555556, 0.9166666666666666, 0.9348958333333334, 0.9401041666666666, 0.9353298611111112, 0.9466145833333334, 0.9296875, 0.9361979166666666, 0.9440104166666666, 0.9448784722222222, 0.9448784722222222, 0.9526909722222222, 0.9401041666666666, 0.9466145833333334, 0.9457465277777778, 0.9448784722222222, 0.9496527777777778, 0.95703125, 0.9557291666666666, 0.9609375, 0.9596354166666666, 0.9626736111111112, 0.9644097222222222, 0.9704861111111112, 0.9605034722222222, 0.9661458333333334], "val_loss": [1.2420456237631812, 0.8932467266532109, 0.6318154923958522, 0.4523353475936601, 0.3891059907068078, 0.4004958403809644, 0.30640962207412153, 0.351016980893984, 0.33903369307518005, 0.3413883270936505, 0.27273528439327926, 0.32154799565287756, 0.22713740424032713, 0.2624632960951944, 0.2467244824924123, 0.2705135543425206, 0.2679797955612776, 0.24520040429373147, 0.2552697261125146, 0.21038520981966857, 0.2044814422867348, 0.2643478996644378, 0.21450730694631934, 0.2432269104284273, 0.2034051003134541, 0.22134402385407367, 0.17768590139673196, 0.2300795204789335, 0.18110639079812743, 0.2053051882166097, 0.21144278562825847, 0.17052282378906994, 0.22198817025773804, 0.22236419912005514, 0.272882128141776, 0.2177540242235004, 0.21725440083652972, 0.2343981373114567, 0.2447258619810075, 0.2567053230573788, 0.18936858234360487, 0.19262961513005478, 0.1905717378663673, 0.19728960010924823, 0.21181383915245533, 0.20767828333423016, 0.1936068936745464], "val_acc": [0.5069582504970179, 0.7037773359840954, 0.8389662027833003, 0.8548707753479126, 0.8429423459244533, 0.878727634194831, 0.8966202783300199, 0.8667992047713717, 0.8767395626242545, 0.8906560636182903, 0.9065606361829026, 0.904572564612326, 0.9284294234592445, 0.9125248508946322, 0.9125248508946322, 0.9105367793240556, 0.9165009940357853, 0.9284294234592445, 0.9284294234592445, 0.9343936381709742, 0.9363817097415507, 0.9343936381709742, 0.9343936381709742, 0.9383697813121272, 0.9383697813121272, 0.9423459244532804, 0.9363817097415507, 0.9343936381709742, 0.9502982107355865, 0.9403578528827038, 0.9343936381709742, 0.9324055666003976, 0.9463220675944334, 0.9423459244532804, 0.9463220675944334, 0.94831013916501, 0.9423459244532804, 0.9383697813121272, 0.9423459244532804, 0.9264413518886679, 0.9443339960238568, 0.9463220675944334, 0.952286282306163, 0.9403578528827038, 0.94831013916501, 0.9403578528827038, 0.952286282306163]}