{"train_loss": [1.9212518305176862, 1.7337157298675792, 1.5830341052959311, 1.5412312841763463, 1.4450146327799378, 1.4049631466582122, 1.3715935857253727, 1.2823307598718636, 1.2272085567957667, 1.2841799054081173, 1.1954384190695626, 1.118654849755503, 1.1014575520073908, 1.0977383817199373, 1.0632057700838362, 0.9922846579327946, 0.9674853050422867, 0.9858212757533236, 0.9526186712839805, 0.9580217631566761, 0.9663272114690079, 0.9359718457998648, 0.9254211481345955, 0.9036037622328471, 0.8743693427074938, 0.8665131761831337, 0.8994529013588978, 0.8784384876023492, 0.8366404301928778, 0.8784395736002201, 0.78349805499764, 0.8435064460985107, 0.7831369926832515, 0.8449129004796677, 0.7984212078814462, 0.8540862246151388, 0.8284474035746363, 0.809781940624786, 0.7319116143663186, 0.736425772014077, 0.7641123433182709, 0.6974558254725245, 0.7190036907931936, 0.6984246959278556, 0.6856950313256853, 0.6723804493144356, 0.6961302862923138, 0.6634667270872218, 0.6873060832804261, 0.684444936584755, 0.6780911342195226, 0.7053990016018388, 0.7254852206913348, 0.6299219414265487, 0.6374295412313205, 0.6180512011051178, 0.664412530482872], "train_acc": [0.21897810218978103, 0.3180396246089677, 0.35140771637122004, 0.42231491136600624, 0.3931178310740355, 0.45985401459854014, 0.4494264859228363, 0.4807090719499479, 0.5422314911366006, 0.49635036496350365, 0.5453597497393118, 0.5641293013555787, 0.5662148070907195, 0.5755995828988529, 0.6037539103232534, 0.6246089676746611, 0.635036496350365, 0.6006256517205423, 0.6360792492179353, 0.6423357664233577, 0.6517205422314911, 0.6809176225234619, 0.6527632950990615, 0.6590198123044838, 0.6788321167883211, 0.6694473409801877, 0.6736183524504692, 0.6923879040667362, 0.694473409801877, 0.6736183524504692, 0.7007299270072993, 0.6996871741397289, 0.7028154327424401, 0.7007299270072993, 0.7028154327424401, 0.6892596454640251, 0.6976016684045881, 0.6913451511991658, 0.7205422314911366, 0.7361835245046924, 0.7132429614181439, 0.7299270072992701, 0.7361835245046924, 0.7549530761209593, 0.7382690302398331, 0.7518248175182481, 0.7591240875912408, 0.7591240875912408, 0.7424400417101147, 0.7330552659019812, 0.7601668404588112, 0.7330552659019812, 0.7361835245046924, 0.7695516162669447, 0.7559958289885297, 0.7758081334723671, 0.7549530761209593], "val_loss": [1.7809881980602558, 1.5680680366662831, 1.5755555171232958, 1.458969079531156, 1.327870332277738, 1.465862485078665, 1.5141918200712938, 1.2423009138840895, 1.1707392380787776, 1.370697204883282, 1.1416016633693988, 1.0509885549545288, 1.0430862169999342, 1.05121583205003, 1.0241331962438731, 1.048607771213238, 0.8996552137228159, 0.8741966073329632, 1.0845523247352014, 0.9344803049014165, 1.0170744015620306, 0.9263682732215295, 0.8162193573438205, 0.8949998663021967, 0.8201816540498, 0.8235691923361558, 0.920703819164863, 0.7582896764461811, 0.8359694205797635, 0.8181077058498676, 0.7938232330175546, 0.9587297302026015, 3.0610911662761984, 0.8018714831425593, 0.8042946595412034, 1.0098535189261804, 1.0618323546189528, 0.7018849437053387, 0.7421530393453745, 0.7286539123608515, 0.6356356877547044, 0.6748829529835627, 0.8202170087740972, 0.6782555809387794, 0.6390759532268231, 1.3302050737234263, 0.4817271874501155, 0.5986076639248774, 0.5022431474465591, 0.6940578268124507, 0.5337796669739944, 1.5755217717244074, 0.5613008691714361, 0.5501671616847699, 0.5545066365828881, 0.575285751086015, 0.6626417774420518], "val_acc": [0.34134615384615385, 0.34134615384615385, 0.3894230769230769, 0.4326923076923077, 0.4807692307692308, 0.46153846153846156, 0.40384615384615385, 0.4519230769230769, 0.5625, 0.5096153846153846, 0.5192307692307693, 0.6105769230769231, 0.5865384615384616, 0.5288461538461539, 0.5528846153846154, 0.5673076923076923, 0.6634615384615384, 0.6394230769230769, 0.4855769230769231, 0.6298076923076923, 0.6153846153846154, 0.6682692307692307, 0.7067307692307693, 0.5865384615384616, 0.6778846153846154, 0.6586538461538461, 0.6778846153846154, 0.6826923076923077, 0.6586538461538461, 0.7211538461538461, 0.6971153846153846, 0.6634615384615384, 0.46153846153846156, 0.6346153846153846, 0.7019230769230769, 0.6682692307692307, 0.5817307692307693, 0.6730769230769231, 0.7307692307692307, 0.7307692307692307, 0.7211538461538461, 0.7163461538461539, 0.6442307692307693, 0.6923076923076923, 0.7259615384615384, 0.6490384615384616, 0.8413461538461539, 0.8028846153846154, 0.8461538461538461, 0.7548076923076923, 0.8173076923076923, 0.5048076923076923, 0.7836538461538461, 0.7740384615384616, 0.8076923076923077, 0.7788461538461539, 0.7548076923076923]}