{"train_loss": [1.6110653297768698, 1.1816166564822197, 0.9068107406298319, 0.7082188154260317, 0.6214579786691401, 0.5459798746224906, 0.4913149428450399, 0.45652712260683376, 0.4314263580987851, 0.39171345800989205, 0.37829102969004047, 0.35451850439939236, 0.3425130653712485, 0.31541575682866907, 0.306119528806044, 0.27379764957974356, 0.3025544488595592, 0.2659415912090076, 0.2533943532034755, 0.24227187267711592, 0.25250644035016495, 0.22786601870838138, 0.23198273576175174, 0.21787239849153492, 0.20156792680629426, 0.22097072848636243, 0.18800873883689442, 0.19566191484530768, 0.16333431036521992, 0.17306481731227702, 0.18591394554823637, 0.1422138848962883, 0.13780551944445404, 0.12314124642095219, 0.1340312307002023, 0.10180105470741789, 0.11550831822549096, 0.11755446065217257, 0.12031102122920048, 0.13233546362931115, 0.09350609184346265, 0.11588897737157014, 0.09138158466278885, 0.09672574823424737, 0.07831605658349064, 0.07169462839374319, 0.08780662364248808, 0.07610899106172535, 0.06975201762785825, 0.06281700176057509], "train_acc": [0.4053819444444444, 0.6163194444444444, 0.7022569444444444, 0.7578125, 0.7829861111111112, 0.8055555555555556, 0.828125, 0.83984375, 0.8502604166666666, 0.8606770833333334, 0.8598090277777778, 0.8806423611111112, 0.8780381944444444, 0.8884548611111112, 0.8888888888888888, 0.8949652777777778, 0.8841145833333334, 0.8993055555555556, 0.9001736111111112, 0.9088541666666666, 0.9114583333333334, 0.9149305555555556, 0.9066840277777778, 0.9184027777777778, 0.9292534722222222, 0.9301215277777778, 0.9353298611111112, 0.9283854166666666, 0.9370659722222222, 0.9383680555555556, 0.9353298611111112, 0.953125, 0.9513888888888888, 0.9587673611111112, 0.9618055555555556, 0.9674479166666666, 0.9592013888888888, 0.9596354166666666, 0.9552951388888888, 0.95703125, 0.96875, 0.9622395833333334, 0.96484375, 0.9665798611111112, 0.9739583333333334, 0.9709201388888888, 0.9709201388888888, 0.9722222222222222, 0.9752604166666666, 0.9782986111111112], "val_loss": [1.1980276094753273, 0.8852592673500774, 0.6888977224618256, 0.6473137572792842, 0.374275791508777, 0.3345039077473445, 0.5209191282007614, 0.5058569871703863, 0.37109086785472883, 0.2750097323601573, 0.2742678342798121, 0.2960316036674185, 0.2941140366151603, 0.3307483988123433, 0.2774608107672534, 0.3257099057123746, 0.2281805862400451, 0.23586822952890016, 0.1931037037424136, 0.27586930634724216, 0.2339787123869238, 0.23964916003745781, 0.30868826972442875, 0.25916204770386336, 0.18521871312593607, 0.29699381391997365, 0.2265423836027296, 0.20047565564424333, 0.28744202406028985, 0.21284311917234605, 0.20558268391706835, 0.18187415544647229, 0.20049122745767384, 0.18051196682909373, 0.13708332214304514, 0.1795663396211315, 0.1696271602005122, 0.15006284974885745, 0.16428861948504125, 0.1702368430826613, 0.1619491463760377, 0.16702871877796371, 0.18429324440621062, 0.15753755048630208, 0.15970791954126867, 0.1627281085101084, 0.17824740089276142, 0.17773648167179923, 0.16013870587957574, 0.18902573140757437], "val_acc": [0.5944333996023857, 0.679920477137177, 0.8011928429423459, 0.7296222664015904, 0.852882703777336, 0.8866799204771372, 0.8210735586481114, 0.8469184890656064, 0.878727634194831, 0.9025844930417495, 0.9065606361829026, 0.9065606361829026, 0.9005964214711729, 0.8866799204771372, 0.9165009940357853, 0.9025844930417495, 0.9105367793240556, 0.9224652087475149, 0.9184890656063618, 0.9145129224652088, 0.9244532803180915, 0.9244532803180915, 0.9105367793240556, 0.9204771371769384, 0.9304174950298211, 0.8946322067594433, 0.9244532803180915, 0.9363817097415507, 0.9343936381709742, 0.9343936381709742, 0.9304174950298211, 0.9304174950298211, 0.9343936381709742, 0.9403578528827038, 0.9383697813121272, 0.94831013916501, 0.9443339960238568, 0.9443339960238568, 0.9502982107355865, 0.952286282306163, 0.9502982107355865, 0.9423459244532804, 0.9403578528827038, 0.9423459244532804, 0.9423459244532804, 0.94831013916501, 0.94831013916501, 0.9443339960238568, 0.952286282306163, 0.9423459244532804]}