{"train_loss": [2.337272280552348, 2.114222293715287, 1.946226553838761, 1.8460303142980892, 1.7074542656994536, 1.7363416322221241, 1.6494341717391718, 1.6100227877462776, 1.536447839937947, 1.4902901387047154, 1.4474627586382613, 1.4180038000437358, 1.4510446005180233, 1.431084939690887, 1.411040125462713, 1.356027589190481, 1.3083434716320708, 1.2547701505084785, 1.3224467563964164, 1.2724040986782494, 1.215758614015244, 1.1603378035145566, 1.1577449442352008, 1.144528702215512, 1.1314607769320664, 1.0962285713512947, 1.1234970712550072, 1.0406770982563636, 1.095216812517939, 1.1282661153784401, 1.083685661925644, 1.0165877571150626, 1.032627570824545, 0.9920007074186339, 1.0099709500194434, 1.0113015934231688, 1.0033330777769067, 0.9866582225022327, 0.9567542402749877, 0.9661755603705413, 0.9567985004228508, 0.8983095310610966, 0.8827721680355295, 0.882937411513764, 0.8199279333445172, 0.8456299450135063, 0.8086823307379069, 0.8893282828062982, 0.8209494087120968, 0.809757611860436, 0.7757158435758997, 0.7618727811047288, 0.8578402795054594, 0.7890870813323966, 0.787422885939444, 0.770019138166441, 0.791133463382721, 0.7540579018045644, 0.7656663656234741, 0.8130264900607304, 0.7644973542427849, 0.7083779120473169, 0.7886614197171544, 0.6714782040627276, 0.7357855969625557, 0.6927366581957011, 0.7397086568682758, 0.7462158317588252, 0.6912726352658707, 0.7292979479673596, 0.7223846990554059], "train_acc": [0.19379391100702575, 0.2997658079625293, 0.31381733021077285, 0.3161592505854801, 0.3231850117096019, 0.3471896955503513, 0.35011709601873536, 0.3729508196721312, 0.3706088992974239, 0.405152224824356, 0.4022248243559719, 0.40807962529274006, 0.4297423887587822, 0.4215456674473068, 0.44028103044496486, 0.4414519906323185, 0.45550351288056207, 0.4713114754098361, 0.4309133489461358, 0.47306791569086654, 0.48653395784543324, 0.4959016393442623, 0.48243559718969553, 0.5081967213114754, 0.4918032786885246, 0.5245901639344263, 0.5152224824355972, 0.5421545667447307, 0.49765807962529274, 0.525175644028103, 0.5257611241217799, 0.522248243559719, 0.5368852459016393, 0.5585480093676815, 0.5550351288056206, 0.5550351288056206, 0.5485948477751756, 0.5679156908665105, 0.5714285714285714, 0.572599531615925, 0.5538641686182669, 0.5878220140515222, 0.6012880562060889, 0.5884074941451991, 0.617096018735363, 0.5936768149882904, 0.6288056206088993, 0.6001170960187353, 0.5977751756440282, 0.6387587822014051, 0.6317330210772834, 0.639344262295082, 0.6088992974238876, 0.6141686182669789, 0.6182669789227166, 0.6252927400468384, 0.6352459016393442, 0.6387587822014051, 0.6492974238875878, 0.6206088992974239, 0.6270491803278688, 0.6498829039812647, 0.6270491803278688, 0.6539812646370023, 0.6370023419203747, 0.6656908665105387, 0.6317330210772834, 0.6510538641686182, 0.6516393442622951, 0.6586651053864169, 0.6475409836065574], "val_loss": [2.097125029954754, 1.9005467995919816, 1.6430467360658072, 1.5502951868244859, 1.6420144871935818, 1.5157582212666996, 1.4047022305551122, 1.7886068827467538, 1.3599286284603056, 1.263089259791244, 1.2329409487260496, 1.1911913970780503, 1.3208948448707498, 1.8769315507242588, 1.257630581087102, 1.3283344813383342, 1.1838002585973897, 1.4695163932654376, 1.125501637250348, 1.13264758990762, 0.9819349594454948, 1.170486964163233, 0.9820823786688633, 1.1969829397123368, 1.059992156393541, 0.8799784818633658, 0.9883650349137562, 1.0031812568831313, 0.9134347836176554, 0.9370405846606187, 0.8760838163355009, 0.9421141613376597, 1.1499456760010434, 0.8885621317748815, 0.8649981357360799, 0.9358492435001936, 0.9435749796570324, 0.9668897875671179, 0.9157988767806298, 0.8268958786146237, 0.91143276391785, 0.8920234731637715, 1.1492520852492807, 0.8027998401167614, 0.802284551122801, 0.720699173505189, 1.180225969989443, 1.338318245984166, 0.7750818589346005, 0.8473475930469284, 0.9923509118335495, 1.1396821825230707, 0.9006055248239653, 0.8500930354243419, 0.7053347275556763, 0.956730003565387, 0.7891032806511133, 0.7844696566055381, 0.9576307251805165, 0.8043299965519722, 0.6249518285357887, 0.8583574791749319, 0.7287506799880272, 0.744214568307491, 0.8337706535891757, 0.8796327563582874, 1.1907799960485572, 0.9253783050130625, 0.8586897146506388, 0.698544197720908, 0.7386439419834991], "val_acc": [0.4262295081967213, 0.41530054644808745, 0.33060109289617484, 0.3770491803278688, 0.3907103825136612, 0.46994535519125685, 0.3442622950819672, 0.23770491803278687, 0.4726775956284153, 0.5027322404371585, 0.5081967213114754, 0.45901639344262296, 0.5027322404371585, 0.27049180327868855, 0.5901639344262295, 0.32786885245901637, 0.5546448087431693, 0.30327868852459017, 0.5846994535519126, 0.4344262295081967, 0.5327868852459017, 0.5601092896174863, 0.6147540983606558, 0.48633879781420764, 0.4808743169398907, 0.5, 0.5983606557377049, 0.4453551912568306, 0.639344262295082, 0.546448087431694, 0.592896174863388, 0.5983606557377049, 0.4453551912568306, 0.6612021857923497, 0.5901639344262295, 0.6120218579234973, 0.5737704918032787, 0.5437158469945356, 0.644808743169399, 0.5901639344262295, 0.5983606557377049, 0.4781420765027322, 0.6010928961748634, 0.5819672131147541, 0.6338797814207651, 0.7021857923497268, 0.5819672131147541, 0.5956284153005464, 0.6557377049180327, 0.6939890710382514, 0.6693989071038251, 0.5956284153005464, 0.7021857923497268, 0.639344262295082, 0.6830601092896175, 0.6775956284153005, 0.6912568306010929, 0.7131147540983607, 0.6530054644808743, 0.6338797814207651, 0.7131147540983607, 0.7131147540983607, 0.6885245901639344, 0.726775956284153, 0.6038251366120219, 0.6366120218579235, 0.5901639344262295, 0.5710382513661202, 0.6885245901639344, 0.7021857923497268, 0.6693989071038251]}