{"train_loss": [1.6422252903381984, 1.1409551062517695, 0.8809324411882294, 0.681232707368003, 0.6104707171519598, 0.5351104558342032, 0.48165761762195164, 0.46564877612723243, 0.4360923286941316, 0.40741635113954544, 0.38684320222172475, 0.36802575416449046, 0.3657559398561716, 0.3139314257229368, 0.3383277697592146, 0.3104812286587225, 0.30952861222128075, 0.28659812909447485, 0.2371535772561199, 0.2426614067517221, 0.2477040369477537, 0.20808205308599603, 0.22962518238152066, 0.20236232317984104, 0.22185905378622314, 0.18484910600818694, 0.1887767328104625, 0.19906044306440485, 0.17403048540775976, 0.18673321690099934, 0.18488381052803662, 0.17055146458248296, 0.16138931185317537, 0.15590150082587367, 0.14446183187990552, 0.1420552721958504, 0.12032614149049753, 0.10699229013536954, 0.11339832850111027, 0.11196694173850119, 0.09048861827856551, 0.09022285760147497, 0.09420131121037735], "train_acc": [0.3980034722222222, 0.62109375, 0.7100694444444444, 0.7712673611111112, 0.7782118055555556, 0.8103298611111112, 0.8190104166666666, 0.8328993055555556, 0.8385416666666666, 0.8580729166666666, 0.8637152777777778, 0.8715277777777778, 0.8684895833333334, 0.8884548611111112, 0.87890625, 0.8936631944444444, 0.8923611111111112, 0.8984375, 0.9105902777777778, 0.9136284722222222, 0.9171006944444444, 0.9188368055555556, 0.9149305555555556, 0.9214409722222222, 0.91796875, 0.9296875, 0.9244791666666666, 0.93359375, 0.9375, 0.9357638888888888, 0.9327256944444444, 0.9444444444444444, 0.9388020833333334, 0.9422743055555556, 0.9457465277777778, 0.9526909722222222, 0.9592013888888888, 0.9631076388888888, 0.9578993055555556, 0.9644097222222222, 0.9691840277777778, 0.9691840277777778, 0.9665798611111112], "val_loss": [1.2317085248338537, 0.7778839442886367, 0.5006528740256254, 0.3826660001372722, 0.4536974502368191, 0.3938711346025258, 0.364006329031576, 0.3236412677328819, 0.3007399406928428, 0.25508073213737953, 0.3427203839263373, 0.343302154417333, 0.3022860502805672, 0.29132294934798425, 0.23070449558332948, 0.27171242954005775, 0.3311445510040813, 0.23848480362422897, 0.1999238238597722, 0.23462626535749104, 0.18316937908974604, 0.20696985998207604, 0.2814119457457933, 0.30594210672168204, 0.29555685981130503, 0.17807281211344433, 0.1689117429981649, 0.16372024581932407, 0.17049649055995358, 0.2729399360820029, 0.2399718982443421, 0.18959058848604057, 0.2433016500482058, 0.16932437528909794, 0.18580820946167287, 0.2113173176158612, 0.20093890148072427, 0.19974044780756087, 0.19813139143049954, 0.2539844361446783, 0.2069467459888629, 0.2027063947948618, 0.205822587753859], "val_acc": [0.5487077534791253, 0.7534791252485089, 0.856858846918489, 0.8469184890656064, 0.8151093439363817, 0.8170974155069582, 0.8548707753479126, 0.882703777335984, 0.8886679920477137, 0.9105367793240556, 0.9005964214711729, 0.8767395626242545, 0.9065606361829026, 0.8926441351888668, 0.9125248508946322, 0.9145129224652088, 0.9105367793240556, 0.9383697813121272, 0.9324055666003976, 0.9284294234592445, 0.9324055666003976, 0.9304174950298211, 0.9145129224652088, 0.9105367793240556, 0.9343936381709742, 0.9463220675944334, 0.9324055666003976, 0.9363817097415507, 0.9403578528827038, 0.9244532803180915, 0.9264413518886679, 0.9343936381709742, 0.9224652087475149, 0.9423459244532804, 0.9443339960238568, 0.9403578528827038, 0.9423459244532804, 0.9403578528827038, 0.9463220675944334, 0.9403578528827038, 0.94831013916501, 0.9562624254473161, 0.9463220675944334]}