{"train_loss": [1.5696571469306946, 0.7846929335280468, 0.47772568534863624, 0.35168938244643966, 0.283723526487225, 0.244889374273388, 0.21847302290169815, 0.1966610697931365, 0.17929742467638693, 0.16689959717424294, 0.16042646702967192, 0.14986343964150078, 0.1422517176521452, 0.1362873914308454, 0.12935363445430995, 0.1240801002830267, 0.12142331259031044, 0.11477397981246835, 0.10999568915974937, 0.10534426244465929, 0.10571738706999703, 0.10254203225731065, 0.09788835281996351, 0.09405836760997772, 0.09228911230977821, 0.09128943301345173, 0.08765486732468401, 0.08678976488544753, 0.08135502647216383, 0.08123495822870418, 0.07670592633566183, 0.07823013997342633, 0.07635671737554826, 0.0744317361643832, 0.070057617020058, 0.06952550539648847, 0.06770233999888756, 0.0671804572455585, 0.06566409529186785, 0.06528526836712109, 0.06270196556701864, 0.0632739798876604, 0.05828206047758852, 0.05877060638740659, 0.057227448435304196, 0.056253592199400855, 0.056448919219455045, 0.055207599410297056, 0.05402270137626482, 0.051805390929803255, 0.05218551505700146, 0.051800149859321354], "train_acc": [0.7314144736842105, 0.905921052631579, 0.9246710526315789, 0.9294407894736842, 0.9379934210526316, 0.9409539473684211, 0.9455592105263158, 0.9504934210526316, 0.9503289473684211, 0.953453947368421, 0.9518092105263158, 0.95625, 0.9578947368421052, 0.9592105263157895, 0.9610197368421053, 0.9634868421052631, 0.9600328947368421, 0.9651315789473685, 0.9651315789473685, 0.9652960526315789, 0.965625, 0.9664473684210526, 0.96875, 0.971875, 0.9708881578947368, 0.9699013157894737, 0.9713815789473684, 0.9707236842105263, 0.975328947368421, 0.975, 0.9759868421052632, 0.9751644736842106, 0.9748355263157895, 0.9746710526315789, 0.9776315789473684, 0.9766447368421053, 0.977796052631579, 0.9771381578947368, 0.9787828947368421, 0.978125, 0.9805921052631579, 0.9789473684210527, 0.9822368421052632, 0.9805921052631579, 0.9817434210526316, 0.9815789473684211, 0.9807565789473685, 0.98125, 0.98125, 0.9833881578947369, 0.9819078947368421, 0.9845394736842106], "val_loss": [0.9207907109260559, 0.4824163482189178, 0.3278328149318695, 0.25960009562969205, 0.2184651002883911, 0.19445608937740325, 0.17828898012638092, 0.16607931458950043, 0.16139696335792542, 0.15281893956661224, 0.15016025722026824, 0.14549741512537004, 0.1420105048418045, 0.13749212902784347, 0.13512805998325347, 0.13886914432048797, 0.13429459702968596, 0.1378551697731018, 0.13697734624147415, 0.13293328309059144, 0.1320424695611, 0.12735251688957214, 0.12550963485240937, 0.1301911774277687, 0.13080735576152802, 0.12949472427368164, 0.12762161442637443, 0.12985398474335672, 0.12598195219039918, 0.12752441254258157, 0.13089354377985002, 0.12578535187244416, 0.12481969434022903, 0.12852964609861373, 0.1267417898774147, 0.1263341684937477, 0.12488599082827569, 0.12761182025074957, 0.127991143733263, 0.12329999199509621, 0.127342080026865, 0.12595867240428923, 0.12880707912147046, 0.12599052187800408, 0.12604614500701428, 0.12577993842959403, 0.1270268679857254, 0.1255959876179695, 0.1282989485859871, 0.12398813605308533, 0.12913924738764762, 0.12764083249866962], "val_acc": [0.916, 0.928, 0.936, 0.94, 0.948, 0.948, 0.948, 0.954, 0.958, 0.956, 0.954, 0.954, 0.952, 0.954, 0.954, 0.954, 0.958, 0.954, 0.956, 0.954, 0.956, 0.956, 0.954, 0.956, 0.956, 0.956, 0.958, 0.956, 0.958, 0.956, 0.958, 0.958, 0.96, 0.96, 0.958, 0.962, 0.96, 0.958, 0.958, 0.96, 0.96, 0.958, 0.956, 0.962, 0.956, 0.958, 0.958, 0.96, 0.96, 0.96, 0.96, 0.958]}