{"train_loss": [1.548707789182663, 0.766625062729183, 0.4750455643785627, 0.3518677164849482, 0.28325701991194174, 0.24456985130121833, 0.21512209322107465, 0.19450604962675194, 0.18002485362322707, 0.16536995252888453, 0.1575202140957117, 0.14725557292174352, 0.1397786805112111, 0.1360212355656059, 0.12828562599851898, 0.12424584673227448, 0.12132719158636111, 0.11492449112334534, 0.11033846040893543, 0.10792177582747842, 0.10634821889627921, 0.1016386595260548, 0.09511041685350631, 0.09384493126877044, 0.0917241072380229, 0.09064136116618389, 0.08607053371930593, 0.0838134026767588, 0.08338878067504418, 0.08129071972430929, 0.08157202786226805, 0.07517016951092764, 0.07283443686748414, 0.07553205178364326, 0.07333459756337106, 0.07064927176964518, 0.06749604087273933, 0.06724502129823362, 0.06690123375309141, 0.06594133012879051, 0.061217071196848626, 0.062055181236447474, 0.05998959508724511, 0.05901903651385127, 0.057724003961897995, 0.057031205151916335, 0.055442256281936636, 0.054283845095012925, 0.05562527419411038, 0.051933203855725495, 0.05042849002945188, 0.05012002420047984, 0.04818754040415546, 0.04884737075894679, 0.04723374376955785], "train_acc": [0.7320723684210526, 0.9105263157894737, 0.9253289473684211, 0.9333881578947368, 0.9360197368421053, 0.9412828947368421, 0.9460526315789474, 0.9476973684210527, 0.9509868421052632, 0.9518092105263158, 0.9547697368421053, 0.9588815789473685, 0.9592105263157895, 0.9590460526315789, 0.9598684210526316, 0.9618421052631579, 0.9634868421052631, 0.9644736842105263, 0.965625, 0.9654605263157895, 0.9664473684210526, 0.9667763157894737, 0.9692434210526316, 0.9679276315789473, 0.9710526315789474, 0.969078947368421, 0.9735197368421052, 0.9738486842105263, 0.9722039473684211, 0.9722039473684211, 0.9725328947368421, 0.9751644736842106, 0.9764802631578947, 0.9735197368421052, 0.9769736842105263, 0.9771381578947368, 0.978125, 0.978125, 0.9787828947368421, 0.9791118421052631, 0.9810855263157895, 0.9789473684210527, 0.9817434210526316, 0.9805921052631579, 0.9802631578947368, 0.9814144736842105, 0.9819078947368421, 0.9828947368421053, 0.9827302631578947, 0.9833881578947369, 0.984375, 0.9833881578947369, 0.9851973684210527, 0.9845394736842106, 0.9837171052631579], "val_loss": [0.9121156368255615, 0.48071706676483156, 0.3276053514480591, 0.25653718090057376, 0.22299385678768158, 0.1963028144836426, 0.17999322330951692, 0.17412395238876344, 0.1567139495611191, 0.16230121564865113, 0.152068102478981, 0.14556619596481324, 0.14214010417461395, 0.14665475863218308, 0.1366176176071167, 0.1377224532365799, 0.13628416121006012, 0.1353123568892479, 0.13222353023290634, 0.13344579273462295, 0.13322251844406127, 0.13134557402133942, 0.13335642808675766, 0.12849876934289933, 0.1305265418291092, 0.1328841171860695, 0.13070289659500123, 0.1277716317474842, 0.1297247796356678, 0.12830283895134925, 0.13171950015425682, 0.1298197411596775, 0.12723628798127173, 0.12812165349721907, 0.12982217901945114, 0.13249084812402726, 0.1292009454667568, 0.12852484354376792, 0.1271674028635025, 0.12484606838226318, 0.12684377796947957, 0.12680185893177987, 0.12237767788767814, 0.1308690351843834, 0.12751831224560736, 0.12540061116218568, 0.1281548779755831, 0.12612309065461158, 0.12343796892464161, 0.12608143515884876, 0.1268698323071003, 0.12575010924041272, 0.12347774162888527, 0.12618426489830017, 0.12346255150437355], "val_acc": [0.92, 0.922, 0.932, 0.934, 0.94, 0.942, 0.954, 0.95, 0.956, 0.95, 0.954, 0.952, 0.952, 0.956, 0.954, 0.954, 0.954, 0.954, 0.958, 0.954, 0.954, 0.956, 0.956, 0.958, 0.956, 0.956, 0.956, 0.956, 0.956, 0.956, 0.962, 0.956, 0.958, 0.958, 0.958, 0.958, 0.956, 0.958, 0.956, 0.96, 0.958, 0.958, 0.962, 0.962, 0.96, 0.96, 0.958, 0.954, 0.958, 0.954, 0.956, 0.956, 0.956, 0.954, 0.956]}