{"train_loss": [1.5325466165417119, 0.7597085907271034, 0.46431982125106613, 0.34027219116687774, 0.27931352343998456, 0.23793181624067458, 0.21396798291488697, 0.19430809085698506, 0.17981625278725435, 0.16622027758704988, 0.15550568594940398, 0.1463070606175614, 0.14126561413470068, 0.132962852520378, 0.12792255248090154, 0.12347290369829064, 0.1192161219880769, 0.1132560534598796, 0.10966539250098561, 0.10817315254948641, 0.10305168398312832, 0.09727552627752487, 0.0973292070489965, 0.09596469709649683, 0.09350302814456977, 0.0873667547332221, 0.08566368550160214, 0.08570725150210293, 0.0845246828357248, 0.07999650430865586, 0.07845638420824942, 0.07680960179453618, 0.07586565766189443, 0.07136019596119264, 0.07167730373085329, 0.06882915520354321, 0.06910315055498167, 0.06543450289847035], "train_acc": [0.7375, 0.9097039473684211, 0.9230263157894737, 0.9332236842105263, 0.9381578947368421, 0.9442434210526316, 0.944078947368421, 0.9485197368421052, 0.9493421052631579, 0.952796052631579, 0.9544407894736842, 0.959375, 0.9578947368421052, 0.9590460526315789, 0.9620065789473684, 0.9616776315789474, 0.9644736842105263, 0.9641447368421052, 0.9654605263157895, 0.965625, 0.9667763157894737, 0.968421052631579, 0.9682565789473684, 0.9699013157894737, 0.9695723684210527, 0.9722039473684211, 0.9730263157894737, 0.9720394736842105, 0.9715460526315789, 0.9736842105263158, 0.975, 0.9735197368421052, 0.975, 0.9759868421052632, 0.9763157894736842, 0.9774671052631579, 0.9774671052631579, 0.9789473684210527], "val_loss": [0.8889658203125, 0.46346327018737793, 0.31512171983718873, 0.25141674268245695, 0.21744091725349426, 0.19310281896591186, 0.1752685729265213, 0.1717250850200653, 0.15514552962779998, 0.15585773861408234, 0.14929369258880615, 0.14082493340969085, 0.14465655148029327, 0.14128943628072738, 0.13657919436693192, 0.13382669746875764, 0.1341790008544922, 0.13036181104183198, 0.1348576837182045, 0.1285554630756378, 0.13167999064922334, 0.13339368915557862, 0.13101049506664275, 0.12685229510068893, 0.13208334600925445, 0.12312887489795685, 0.13209616911411284, 0.1264045057296753, 0.13251042994856835, 0.126299703925848, 0.12870578476786612, 0.12407954853773118, 0.12598776215314866, 0.12980008226633072, 0.12734494486451148, 0.12495790937542915, 0.12793732351064682, 0.1263865306675434], "val_acc": [0.912, 0.93, 0.938, 0.942, 0.944, 0.954, 0.954, 0.954, 0.956, 0.956, 0.954, 0.954, 0.952, 0.958, 0.954, 0.96, 0.954, 0.958, 0.952, 0.954, 0.958, 0.962, 0.956, 0.956, 0.954, 0.96, 0.956, 0.96, 0.958, 0.958, 0.956, 0.96, 0.958, 0.96, 0.96, 0.96, 0.958, 0.96]}