{"train_loss": [1.5171688117479023, 0.7657557321222205, 0.47872905095941143, 0.3500482902715081, 0.28230689709123813, 0.24178217225953152, 0.21433441089956384, 0.19353288998337168, 0.17798336722741, 0.16425155650236103, 0.15459817530293213, 0.1465863524494987, 0.1378280931789624, 0.13313751851061456, 0.12785563427758845, 0.12322228370038302, 0.11775533137352844, 0.11290429718792439, 0.10945441187604478, 0.10589588653100164, 0.10324606907210852, 0.0991936699438252, 0.0975063887669852, 0.0910352710536436, 0.09131940628254884, 0.08990585369205004, 0.08470317149338753, 0.08485062383360377, 0.08021622208976432, 0.08178062373282094, 0.07936740990630106, 0.07730838205714367, 0.07307903846529754, 0.07392336476324617, 0.07154876457796873, 0.06914698131578534, 0.06791175889145387, 0.0673243213837084, 0.06424979488855521, 0.0648674193953507, 0.06276127509650235, 0.060564852206918755, 0.05825574783804385, 0.058762300139489146, 0.05810147771170657, 0.05727003811687035, 0.056412357808776986, 0.054820296663398806, 0.0540527178440243, 0.05188812656132014, 0.05186398301003991, 0.05175242327815412, 0.04899566205230688, 0.04806086814129039, 0.04821088905078604, 0.04469908240716904, 0.04598066292605118, 0.0447868680507925, 0.044779999049282385, 0.0435092877259625, 0.04105058338395075, 0.03903320080870272, 0.04206257147199818, 0.040768634822023544, 0.039801818058875046, 0.03903680775241044, 0.037322473556023875, 0.03698618228204156, 0.0374745072104576], "train_acc": [0.7350328947368421, 0.9092105263157895, 0.9241776315789474, 0.9279605263157895, 0.937828947368421, 0.9429276315789473, 0.9452302631578947, 0.9472039473684211, 0.9491776315789474, 0.9532894736842106, 0.9560855263157895, 0.9582236842105263, 0.9606907894736842, 0.9582236842105263, 0.9626644736842105, 0.9634868421052631, 0.9628289473684211, 0.9629934210526315, 0.9648026315789474, 0.9651315789473685, 0.9675986842105263, 0.9685855263157894, 0.9699013157894737, 0.9713815789473684, 0.9700657894736842, 0.9705592105263158, 0.9720394736842105, 0.9708881578947368, 0.975328947368421, 0.9728618421052632, 0.9743421052631579, 0.9741776315789473, 0.9764802631578947, 0.9761513157894737, 0.9774671052631579, 0.9764802631578947, 0.9786184210526315, 0.9787828947368421, 0.9791118421052631, 0.9786184210526315, 0.9797697368421052, 0.9802631578947368, 0.9814144736842105, 0.9805921052631579, 0.98125, 0.98125, 0.9820723684210526, 0.9819078947368421, 0.9833881578947369, 0.9842105263157894, 0.9827302631578947, 0.9837171052631579, 0.984046052631579, 0.9842105263157894, 0.9835526315789473, 0.9873355263157895, 0.9851973684210527, 0.9861842105263158, 0.9858552631578947, 0.9860197368421053, 0.9875, 0.9881578947368421, 0.9866776315789474, 0.9873355263157895, 0.9873355263157895, 0.9886513157894737, 0.9902960526315789, 0.9889802631578948, 0.9893092105263158], "val_loss": [0.8910892462730408, 0.48436139965057373, 0.3250635781288147, 0.2605646314620972, 0.21702816200256347, 0.19932306575775147, 0.18152353477478028, 0.16644926583766936, 0.1574900883436203, 0.15610618674755097, 0.14564019691944122, 0.14582090044021606, 0.1411944653391838, 0.13743197506666183, 0.13537158054113388, 0.1374742950797081, 0.13505752408504487, 0.13468141412734985, 0.132765083193779, 0.13248813277482988, 0.13469679206609725, 0.12897856253385545, 0.13299123394489287, 0.130945241689682, 0.13004990625381468, 0.12708094257116317, 0.1302352507710457, 0.13042390269041063, 0.13056761446595191, 0.13171230512857438, 0.12642396453022958, 0.12904677325487138, 0.13117828989028932, 0.1258376508653164, 0.12504811137914656, 0.12962230587005616, 0.125994563549757, 0.1252760587632656, 0.12883379605412484, 0.12516961395740508, 0.1281833519935608, 0.1282162718474865, 0.1225467814207077, 0.12578378927707673, 0.12370422925055027, 0.1251498237848282, 0.12596545031666756, 0.12271021150052547, 0.12294842721521855, 0.12120032343268394, 0.12763439854979516, 0.12640570004284382, 0.12275650358200073, 0.12354738169908523, 0.12631041269004345, 0.12433780679106712, 0.12025411577522754, 0.12363519833981991, 0.1272007745206356, 0.12721451860666275, 0.12847421741485596, 0.12469779373705388, 0.13274135300517081, 0.12647630579769611, 0.12890826864540578, 0.12463825573027133, 0.12424269415438176, 0.12367241309583187, 0.12676590207219124], "val_acc": [0.906, 0.93, 0.932, 0.938, 0.946, 0.95, 0.954, 0.956, 0.96, 0.962, 0.956, 0.962, 0.96, 0.956, 0.958, 0.958, 0.954, 0.956, 0.956, 0.96, 0.956, 0.956, 0.956, 0.962, 0.956, 0.96, 0.962, 0.96, 0.956, 0.962, 0.958, 0.958, 0.956, 0.958, 0.96, 0.96, 0.958, 0.958, 0.958, 0.958, 0.96, 0.958, 0.96, 0.962, 0.96, 0.958, 0.962, 0.96, 0.96, 0.96, 0.954, 0.956, 0.958, 0.958, 0.962, 0.958, 0.96, 0.956, 0.954, 0.956, 0.956, 0.956, 0.964, 0.956, 0.956, 0.96, 0.966, 0.96, 0.96]}