{"train_loss": [1.6763408763541117, 1.256970999141534, 1.0338327528701887, 0.8220684954689609, 0.6707881585591369, 0.5800365635918246, 0.5566712346755796, 0.5021239682618115, 0.4365289748335878, 0.43620725389983916, 0.3985880593665772, 0.36399385229580933, 0.35750754705319804, 0.33378043708701927, 0.30393161479797626, 0.2997976801254683, 0.30484376087163884, 0.28609643855856526, 0.25400189869105816, 0.27222767617139554, 0.257408966206842, 0.22154085400203863, 0.25192855955618954, 0.24433570722531942, 0.20710667352088624, 0.201003921062996, 0.2067901438050386, 0.17047157252414358, 0.20271791747978163, 0.18555676877602106, 0.17154908037951422, 0.17459148250054568, 0.1311272434476349, 0.13228788684743145, 0.13155733189907753, 0.13155200366034275, 0.11707412542050911, 0.1076949341610695, 0.09869580376996762, 0.111823129778107, 0.1018070217816987, 0.13224605490945074, 0.12621364059547582, 0.10429730362051891, 0.10774913805006589, 0.11219745463717522, 0.10010610391489333, 0.08806513224004044, 0.0847428130154084, 0.07514404336042288, 0.09493495675916266, 0.08639349474105984, 0.08445497431481878, 0.10549775705051918, 0.06692607660726127, 0.06709203275386244, 0.06591717661487767, 0.05937003795730157, 0.05332971106529132, 0.06232788611022341, 0.07075619698540929, 0.06270134609722947, 0.04684101667630279, 0.07213613741785391, 0.0664116049431161, 0.07826617785354352, 0.05485378693103687, 0.05251659362046565, 0.03734852910080614, 0.05787237029613203, 0.05488667391667453, 0.05256290678840338, 0.0659947279944188, 0.050973153488788135, 0.07359277852487543, 0.053912526122682415, 0.04761220384615525, 0.051635545290385686, 0.058685605152277276, 0.0496196458488056, 0.06267960858046233, 0.05786099516101078, 0.06744690055913655, 0.05704599183324414, 0.04920595237894708, 0.043639230554819934, 0.06159116309491866, 0.046547913537425406, 0.06635084886996385, 0.07260949777102926, 0.05119759099195815, 0.06665469358752792, 0.05097343243445115, 0.06265932764250061, 0.049343787098122344, 0.04909639578545466, 0.0709784925242679], "train_acc": [0.3993055555555556, 0.5464409722222222, 0.6393229166666666, 0.7278645833333334, 0.7760416666666666, 0.7925347222222222, 0.8046875, 0.8207465277777778, 0.8394097222222222, 0.84375, 0.85546875, 0.8645833333333334, 0.8715277777777778, 0.8858506944444444, 0.8854166666666666, 0.8897569444444444, 0.8962673611111112, 0.8962673611111112, 0.9006076388888888, 0.8967013888888888, 0.9105902777777778, 0.9157986111111112, 0.9079861111111112, 0.9110243055555556, 0.9296875, 0.9253472222222222, 0.9244791666666666, 0.9314236111111112, 0.9275173611111112, 0.9309895833333334, 0.9379340277777778, 0.9422743055555556, 0.9500868055555556, 0.9535590277777778, 0.9513888888888888, 0.9583333333333334, 0.9565972222222222, 0.9552951388888888, 0.9644097222222222, 0.9652777777777778, 0.9635416666666666, 0.9600694444444444, 0.9644097222222222, 0.9631076388888888, 0.9600694444444444, 0.9622395833333334, 0.9639756944444444, 0.9735243055555556, 0.9739583333333334, 0.9739583333333334, 0.9670138888888888, 0.9691840277777778, 0.9730902777777778, 0.9635416666666666, 0.9787326388888888, 0.9761284722222222, 0.9765625, 0.9769965277777778, 0.9809027777777778, 0.9791666666666666, 0.9761284722222222, 0.9752604166666666, 0.9835069444444444, 0.9782986111111112, 0.9761284722222222, 0.9713541666666666, 0.9787326388888888, 0.9800347222222222, 0.9887152777777778, 0.9830729166666666, 0.9796006944444444, 0.9830729166666666, 0.9778645833333334, 0.9809027777777778, 0.9748263888888888, 0.9813368055555556, 0.9848090277777778, 0.9817708333333334, 0.9796006944444444, 0.9817708333333334, 0.9791666666666666, 0.9791666666666666, 0.9756944444444444, 0.9822048611111112, 0.9817708333333334, 0.9839409722222222, 0.9791666666666666, 0.9887152777777778, 0.98046875, 0.9787326388888888, 0.9822048611111112, 0.9791666666666666, 0.9800347222222222, 0.9826388888888888, 0.9826388888888888, 0.984375, 0.9782986111111112], "val_loss": [1.2908093974320125, 1.0337319637150697, 0.7647552160809101, 0.5369968258481377, 0.4196055170674447, 0.4540290975754351, 0.5170097058087173, 0.43675038763590407, 0.2935555162534088, 0.2922597437593382, 0.3188566015533377, 0.34195781368799283, 0.27115012580902864, 0.31278162996912334, 0.279432343041328, 0.2834219304218918, 0.30874402908456494, 0.2839100825531819, 0.21963239046439498, 0.21631265710113537, 0.24963700692826662, 0.4032855072386459, 0.2731899013131798, 0.21161601519134363, 0.21278677628214507, 0.22484506894028922, 0.221135943380016, 0.2772062233265926, 0.24380768865539468, 0.2144064168273573, 0.2215442917352287, 0.24520931339583862, 0.19645374335133828, 0.1825444917925902, 0.3054026638076198, 0.2195122488894709, 0.1942752855996533, 0.17278424991853905, 0.20276052866753183, 0.22240891867219129, 0.22387029097098896, 0.2604817266800028, 0.1934558757567856, 0.23771386209942, 0.2043682638237301, 0.20312839471846153, 0.151390893577374, 0.20684541546263793, 0.16864995425104146, 0.18805050646801058, 0.18758420263478165, 0.2021233586911075, 0.1814498836933737, 0.17422291555045688, 0.1752291969861465, 0.17129527206327136, 0.17158185829506598, 0.17196483744834187, 0.16179249407519877, 0.14745920011727418, 0.14706154220976364, 0.15563811450709716, 0.1737267802271318, 0.15978315829578973, 0.15175116595314078, 0.15867423898379354, 0.15661882471999572, 0.16791616624663722, 0.14087346178723895, 0.15224136281332692, 0.1504588058388701, 0.15560277753484586, 0.1422303802820726, 0.14105948073248828, 0.14432451192027598, 0.14421882812826195, 0.1455788540958925, 0.1633250993710274, 0.1525429195213404, 0.14336564031727686, 0.14537335964008632, 0.13618811582461385, 0.1398238617538939, 0.15336332628623792, 0.14880590847828545, 0.14734218501074844, 0.1559852640478729, 0.14801328536539632, 0.15516732751820458, 0.14082235382003322, 0.13953350314677918, 0.1421464779229083, 0.1542857838882537, 0.1619332073641493, 0.14621956339828063, 0.1405606874770246, 0.14169532541420762], "val_acc": [0.5487077534791253, 0.5904572564612326, 0.705765407554672, 0.8111332007952287, 0.8429423459244533, 0.8389662027833003, 0.8369781312127237, 0.8369781312127237, 0.9005964214711729, 0.8986083499005965, 0.9065606361829026, 0.8767395626242545, 0.9204771371769384, 0.9025844930417495, 0.9165009940357853, 0.9125248508946322, 0.9244532803180915, 0.9165009940357853, 0.9224652087475149, 0.9343936381709742, 0.9284294234592445, 0.8906560636182903, 0.9224652087475149, 0.9165009940357853, 0.9304174950298211, 0.9423459244532804, 0.9343936381709742, 0.9184890656063618, 0.9403578528827038, 0.9363817097415507, 0.9343936381709742, 0.9383697813121272, 0.9403578528827038, 0.9463220675944334, 0.9343936381709742, 0.9423459244532804, 0.9343936381709742, 0.9463220675944334, 0.9463220675944334, 0.9383697813121272, 0.94831013916501, 0.9324055666003976, 0.9443339960238568, 0.9443339960238568, 0.9542743538767395, 0.94831013916501, 0.9502982107355865, 0.9403578528827038, 0.9463220675944334, 0.9463220675944334, 0.9542743538767395, 0.94831013916501, 0.9443339960238568, 0.94831013916501, 0.952286282306163, 0.9562624254473161, 0.9502982107355865, 0.952286282306163, 0.9542743538767395, 0.9542743538767395, 0.9582504970178927, 0.9502982107355865, 0.952286282306163, 0.9582504970178927, 0.9622266401590457, 0.9562624254473161, 0.9582504970178927, 0.952286282306163, 0.9622266401590457, 0.9582504970178927, 0.9582504970178927, 0.9602385685884692, 0.9602385685884692, 0.9562624254473161, 0.9582504970178927, 0.9622266401590457, 0.9622266401590457, 0.9602385685884692, 0.9582504970178927, 0.9602385685884692, 0.9602385685884692, 0.9622266401590457, 0.9582504970178927, 0.9562624254473161, 0.9602385685884692, 0.9582504970178927, 0.9602385685884692, 0.9582504970178927, 0.9602385685884692, 0.9582504970178927, 0.9582504970178927, 0.9582504970178927, 0.9582504970178927, 0.9562624254473161, 0.9602385685884692, 0.9602385685884692, 0.9582504970178927]}