{"train_loss": [1.5468416948067514, 0.7569395567241468, 0.46426703843631245, 0.34475531907458057, 0.27766556147682037, 0.23814239533323991, 0.213784101919124, 0.19311220632179787, 0.17869762764557412, 0.1672360389248321, 0.1584049604833126, 0.14754358692780922, 0.1422959369166117, 0.1319551355450561, 0.12577343853680711, 0.12228040240312878, 0.11762150585847465, 0.11360432343851579, 0.11152481296540875, 0.1045285051590518, 0.10121222070761417, 0.09740914644575432, 0.09805219243035505, 0.09468602534187467, 0.0933340370262924, 0.08928273043252136, 0.08443440817982743, 0.084142353983694, 0.08150853652409033, 0.07995853914242042, 0.07880061070777868, 0.076026937720905, 0.07589185851331996, 0.07122316456791994, 0.07069532902372119, 0.06924748719228725, 0.06821476229172396, 0.06588176815697042, 0.06627480319554084, 0.06332608885131777, 0.061910182627310094, 0.061636895724376174, 0.05988022892147695, 0.058736534730384225, 0.05613686479628086, 0.05597792635426709, 0.05361297258519029, 0.05489525227611394, 0.05199851684860493], "train_acc": [0.7536184210526315, 0.9129934210526316, 0.9277960526315789, 0.9335526315789474, 0.9388157894736842, 0.9427631578947369, 0.9447368421052632, 0.95, 0.9503289473684211, 0.9537828947368421, 0.9559210526315789, 0.9559210526315789, 0.9575657894736842, 0.9611842105263158, 0.9613486842105263, 0.959375, 0.9638157894736842, 0.9644736842105263, 0.9649671052631579, 0.9666118421052632, 0.969078947368421, 0.9708881578947368, 0.9695723684210527, 0.9702302631578947, 0.9692434210526316, 0.9708881578947368, 0.9745065789473685, 0.9717105263157895, 0.9735197368421052, 0.9748355263157895, 0.9741776315789473, 0.9746710526315789, 0.9731907894736842, 0.975328947368421, 0.9751644736842106, 0.9774671052631579, 0.9794407894736842, 0.9766447368421053, 0.978125, 0.9794407894736842, 0.9796052631578948, 0.9794407894736842, 0.9804276315789474, 0.9800986842105263, 0.9807565789473685, 0.9824013157894737, 0.9833881578947369, 0.9828947368421053, 0.9832236842105263], "val_loss": [0.9115693817138671, 0.4635077075958252, 0.3148157820701599, 0.2520177631378174, 0.2120981332063675, 0.19356372857093812, 0.17469363594055176, 0.16533569896221162, 0.15760333955287933, 0.15005291152000427, 0.14603699445724488, 0.14250843596458435, 0.14158748817443848, 0.1392026081085205, 0.13528976440429688, 0.13357998716831207, 0.13683262729644777, 0.13594662600755691, 0.13508238130807876, 0.1326001068353653, 0.13143370896577836, 0.13172504168748855, 0.1297326695919037, 0.13801109772920608, 0.13024337852001192, 0.13050759181380273, 0.12902878135442733, 0.13052133601903915, 0.13040057358145712, 0.12607331159710883, 0.12900119134783744, 0.12467481300234795, 0.13112104085087775, 0.1240311720073223, 0.12511871433258057, 0.12726305189728737, 0.12356567496061326, 0.12376875221729279, 0.12870004361867904, 0.12837611812353134, 0.130920200496912, 0.12712176194787025, 0.12458778013288975, 0.130772598862648, 0.1268916931450367, 0.12469164778292179, 0.12691940818727016, 0.12746193301677705, 0.12808746634423732], "val_acc": [0.922, 0.93, 0.932, 0.94, 0.942, 0.954, 0.952, 0.954, 0.954, 0.954, 0.954, 0.954, 0.954, 0.956, 0.954, 0.958, 0.954, 0.952, 0.958, 0.954, 0.956, 0.954, 0.956, 0.96, 0.956, 0.956, 0.956, 0.96, 0.956, 0.958, 0.958, 0.958, 0.96, 0.958, 0.958, 0.958, 0.956, 0.958, 0.962, 0.958, 0.962, 0.954, 0.958, 0.958, 0.96, 0.958, 0.956, 0.96, 0.958]}