{"train_loss": [1.9050710622811493, 1.5241026270427083, 1.1333651037931693, 0.8365891522025262, 0.642519990332104, 0.5021566720161458, 0.41654416559125296, 0.34815255439168885, 0.3075610861760747, 0.2748422208637906, 0.2531065339650587, 0.21991501643800285, 0.20452540121573842, 0.20278789235937633, 0.18745535113316142, 0.16585153069225964, 0.1694028269956895, 0.15531255156270854, 0.14996477107811573, 0.13963663628850628, 0.131709309761947, 0.12247152934544735, 0.1299391035205545, 0.12011902140607864, 0.11387485165661054, 0.11509370902340159, 0.10992558210196926, 0.1038006043212111, 0.10039516599362194, 0.0992065771694949, 0.08943092407109479, 0.09135346486773596, 0.08909676345172735, 0.08058534059106741, 0.08443652394795467, 0.08286261102741688, 0.08483218935250861, 0.07646025291957735, 0.07453962035500615, 0.07580703885879872, 0.06924142030234852, 0.06673188493484465, 0.07397189023362127, 0.06559533284975123, 0.06270144655440561, 0.0632805616945685, 0.063548688818813, 0.06171373766529348, 0.05896956267583908, 0.0627279866561059, 0.05845660858974252, 0.054988507771667125, 0.05612669574001028, 0.05509869582904161, 0.05793122123391343, 0.049493595457402256, 0.05078697647481125, 0.05423111031525783], "train_acc": [0.5844700944386149, 0.857292759706191, 0.9139559286463799, 0.9223504721930745, 0.9223504721930745, 0.9171038824763903, 0.9349422875131165, 0.9286463798530955, 0.9328436516264428, 0.9391395592864638, 0.9401888772298006, 0.9433368310598111, 0.9464847848898216, 0.9454354669464848, 0.9517313746065058, 0.9527806925498427, 0.9548793284365162, 0.9496327387198321, 0.9548793284365162, 0.9601259181532005, 0.9653725078698846, 0.9716684155299056, 0.9569779643231899, 0.9632738719832109, 0.9622245540398741, 0.9632738719832109, 0.9632738719832109, 0.968520461699895, 0.9632738719832109, 0.9695697796432319, 0.968520461699895, 0.9695697796432319, 0.9727177334732424, 0.9727177334732424, 0.9737670514165793, 0.9716684155299056, 0.9737670514165793, 0.9716684155299056, 0.9758656873032528, 0.9769150052465897, 0.9769150052465897, 0.9811122770199371, 0.9695697796432319, 0.9769150052465897, 0.9800629590766002, 0.9790136411332634, 0.9800629590766002, 0.9811122770199371, 0.9779643231899265, 0.9811122770199371, 0.9800629590766002, 0.9842602308499475, 0.9832109129066107, 0.9811122770199371, 0.9779643231899265, 0.9790136411332634, 0.9821615949632738, 0.9790136411332634], "val_loss": [1.7027760185846468, 1.2995295344329463, 0.9527635088781031, 0.7149339289200015, 0.562207752611579, 0.4566878442357226, 0.3859979603348709, 0.3373895252623209, 0.3009628500880265, 0.27421526138375446, 0.25045346225180276, 0.23211455345153809, 0.21742962693295828, 0.20590393724964887, 0.19504520653224572, 0.18898695729127743, 0.18036279525698684, 0.1731379162974474, 0.16751640220967734, 0.16490116875346114, 0.16208099642904794, 0.15871427982318692, 0.15488395327475013, 0.15219300847227982, 0.1513318246457635, 0.1466467642929496, 0.14696764371744017, 0.14351707609688363, 0.14248299802221903, 0.1419672208588298, 0.1414888776657058, 0.14145101352435788, 0.1378695201583025, 0.137468347316835, 0.1345134949538766, 0.1365628680077995, 0.13464643947961855, 0.13733333429185354, 0.1352281473758744, 0.13676610167433575, 0.13699393156098155, 0.1326684585431727, 0.1354498654603958, 0.13825820131999692, 0.13653622487696207, 0.13742932975292205, 0.13197264634981387, 0.13060312409226488, 0.13164629340171813, 0.13580044878692163, 0.132093444975411, 0.13396131767005456, 0.134908845584567, 0.13565132516186412, 0.1330099222136707, 0.13534890442359737, 0.13672807173031132, 0.136455958863584], "val_acc": [0.8439024390243902, 0.9170731707317074, 0.926829268292683, 0.9219512195121952, 0.9219512195121952, 0.926829268292683, 0.9317073170731708, 0.9317073170731708, 0.926829268292683, 0.9365853658536586, 0.9365853658536586, 0.9414634146341463, 0.9414634146341463, 0.9414634146341463, 0.9414634146341463, 0.9463414634146341, 0.9463414634146341, 0.9414634146341463, 0.9463414634146341, 0.9463414634146341, 0.9463414634146341, 0.9463414634146341, 0.9463414634146341, 0.9463414634146341, 0.9463414634146341, 0.9414634146341463, 0.9463414634146341, 0.9463414634146341, 0.9463414634146341, 0.9463414634146341, 0.9463414634146341, 0.9463414634146341, 0.9463414634146341, 0.9463414634146341, 0.9463414634146341, 0.9463414634146341, 0.9463414634146341, 0.9463414634146341, 0.9463414634146341, 0.9463414634146341, 0.9463414634146341, 0.9463414634146341, 0.9463414634146341, 0.9463414634146341, 0.9463414634146341, 0.9463414634146341, 0.9463414634146341, 0.9463414634146341, 0.9463414634146341, 0.9463414634146341, 0.9463414634146341, 0.9463414634146341, 0.9463414634146341, 0.9463414634146341, 0.9463414634146341, 0.9463414634146341, 0.9463414634146341, 0.9463414634146341]}