{"train_loss": [1.928206103934486, 1.726054341253573, 1.5673251569706157, 1.4842811609085211, 1.401980556089264, 1.3798371354531695, 1.2834126192287807, 1.2562785454412944, 1.3309458911853984, 1.176182510581827, 1.1524566873146669, 1.1086395838462026, 1.1024290556952403, 1.0568885051793924, 1.0223610284306086, 1.0421950260218042, 1.065977358345692, 0.9744059150733589, 0.9566945897898907, 0.9453898153041526, 0.8820827925913773, 0.9349736118838735, 0.8651183980349082, 0.8899535306178741, 0.8693283858463339, 0.8216171048356296, 0.7812878950047418, 0.8050198778121638, 0.80523143620138, 0.7728293265863803, 0.8095614023203646, 0.7775586660761032, 0.8255229185843244, 0.7791978163689344, 0.7193510991067658, 0.7440005442646174, 0.7309653753408923, 0.7369866405960417, 0.6489694700872563, 0.6977426363106689, 0.6938964785450566, 0.6919824705382458, 0.6822433087885442, 0.6229005431731127, 0.636362811634016, 0.68909851540117, 0.6664497521050406, 0.6665981321812173, 0.6559072051729474, 0.6281989482818977, 0.6175142290445512, 0.5746069227319067, 0.6519761930479123, 0.6160917703501251, 0.6869519682944878, 0.6139902801284949, 0.5805023549992797, 0.6315373432772997, 0.5461235143345265, 0.533810703858842, 0.5103598353574373, 0.5927675386912135, 0.5432435177165599, 0.5721325795394412, 0.4894557683199364, 0.5153240467945155, 0.5047199109237063, 0.501291911532409, 0.5479136793655698, 0.5801686460581512], "train_acc": [0.23253388946819603, 0.35036496350364965, 0.40667361835245047, 0.3691345151199166, 0.4410844629822732, 0.4921793534932221, 0.4859228362877998, 0.5015641293013556, 0.4942648592283629, 0.5359749739311783, 0.5495307612095933, 0.5766423357664233, 0.5849843587069864, 0.5901981230448383, 0.6183524504692388, 0.6256517205422315, 0.6006256517205423, 0.6016684045881127, 0.643378519290928, 0.6652763295099061, 0.64859228362878, 0.6444212721584984, 0.6777893639207507, 0.6642335766423357, 0.6746611053180396, 0.7059436913451512, 0.6965589155370178, 0.6955161626694474, 0.6955161626694474, 0.7122002085505735, 0.7049009384775808, 0.6871741397288843, 0.708029197080292, 0.7028154327424401, 0.7142857142857143, 0.7361835245046924, 0.7142857142857143, 0.7288842544316997, 0.7664233576642335, 0.7434827945776851, 0.7455683003128258, 0.7643378519290928, 0.7413972888425443, 0.762252346193952, 0.7528675703858185, 0.7528675703858185, 0.7539103232533889, 0.7413972888425443, 0.7601668404588112, 0.7632950990615224, 0.7737226277372263, 0.7705943691345151, 0.7476538060479666, 0.7716371220020855, 0.7361835245046924, 0.7716371220020855, 0.7507820646506778, 0.7674661105318039, 0.799791449426486, 0.7778936392075079, 0.8123044838373306, 0.7747653806047967, 0.786235662148071, 0.7705943691345151, 0.8164754953076121, 0.7956204379562044, 0.8070907194994786, 0.8008342022940563, 0.7977059436913452, 0.7716371220020855], "val_loss": [1.8004047320439265, 1.679427458689763, 1.4674261716695933, 1.6993293578808124, 1.3361071073091948, 1.3125512875043428, 1.2329385097210224, 1.4242114562254686, 1.2631934881210327, 1.285029594714825, 1.4774412191831148, 1.0250351612384503, 1.0630525213021498, 0.9910484689932603, 1.040730329660269, 0.9742057873652532, 1.5716756215462317, 0.8666323744333707, 0.9278173538354727, 1.022730602667882, 0.8261266167347248, 1.0733966277195857, 0.8044613416378315, 0.7586536774268517, 1.0281835106702952, 0.969637238062345, 0.8575856593938974, 1.2952769352839544, 0.9752212350185101, 0.8070913874186002, 0.8297273287406335, 0.6803991519487821, 0.6806035271057715, 0.835164317717919, 0.7431957492461572, 1.1542561054229736, 0.6779708816454961, 0.6672716415845431, 0.6227441567641038, 0.8240810036659241, 0.7482395722315862, 0.6810238865705637, 0.5752166555478022, 0.7531337417089022, 0.8107457894545335, 0.6897603915287898, 0.6729424366584191, 0.5825596635158246, 0.8471633837773249, 0.5839346005366399, 0.5629649941737835, 1.481365075478187, 0.546264125750615, 0.7381137884580172, 0.6467597301189716, 0.4622478943604689, 0.6452777133538172, 0.6193168851045462, 0.5502180915612441, 0.45584521614588225, 0.6433959970107446, 0.5008892829601581, 0.8827469440606924, 0.49817543763380784, 0.5196467798489791, 0.5958064932089585, 0.5212655388391935, 0.5021816950577956, 0.738035261631012, 0.45928002091554493], "val_acc": [0.47115384615384615, 0.3557692307692308, 0.4807692307692308, 0.40865384615384615, 0.44711538461538464, 0.5048076923076923, 0.47596153846153844, 0.30288461538461536, 0.5769230769230769, 0.40865384615384615, 0.4375, 0.5432692307692307, 0.5096153846153846, 0.5673076923076923, 0.5432692307692307, 0.5576923076923077, 0.3605769230769231, 0.6298076923076923, 0.6634615384615384, 0.5865384615384616, 0.7019230769230769, 0.4182692307692308, 0.7211538461538461, 0.7307692307692307, 0.6538461538461539, 0.5240384615384616, 0.6586538461538461, 0.5432692307692307, 0.6634615384615384, 0.6971153846153846, 0.6971153846153846, 0.7211538461538461, 0.7115384615384616, 0.6923076923076923, 0.6442307692307693, 0.5625, 0.7115384615384616, 0.7163461538461539, 0.7884615384615384, 0.6298076923076923, 0.6682692307692307, 0.7019230769230769, 0.7836538461538461, 0.7019230769230769, 0.6971153846153846, 0.7692307692307693, 0.7644230769230769, 0.8365384615384616, 0.6442307692307693, 0.7884615384615384, 0.7692307692307693, 0.6009615384615384, 0.8028846153846154, 0.7067307692307693, 0.6538461538461539, 0.8173076923076923, 0.7067307692307693, 0.7548076923076923, 0.7740384615384616, 0.8173076923076923, 0.7451923076923077, 0.7884615384615384, 0.7451923076923077, 0.8509615384615384, 0.75, 0.8028846153846154, 0.8028846153846154, 0.7307692307692307, 0.7163461538461539, 0.7932692307692307]}