{"train_loss": [1.6859468039539125, 1.1942560863163736, 0.9251895646254221, 0.7575025496383508, 0.6028496469888422, 0.5363316347615587, 0.5132999231831895, 0.4557575521369775, 0.4577150315874153, 0.43885496382912, 0.37210475612017846, 0.3577098920941353, 0.3529434941916002, 0.31291514531605774, 0.32488973531872034, 0.31550382372612756, 0.27795873261574244, 0.27177654951810837, 0.29100522461036843, 0.27678885207408005, 0.26985315709478325, 0.22960738128879005, 0.245861418855687, 0.2197374396233095, 0.21817565843876865, 0.20289323339238763, 0.17415803013783362, 0.19516837113122973, 0.20718616774926582, 0.15833862806256446, 0.14362490751470128, 0.15769574214290413, 0.14481485478528258, 0.15292448999308464, 0.12431427809254576, 0.1409685512383779, 0.12717501507399398, 0.1255350077473041, 0.10804512118920684, 0.11014915011926657, 0.08965482146918981, 0.11788457136006197, 0.10413418057012475, 0.0897329138760041, 0.07990337611408904, 0.09233836887869984, 0.07686456924744157], "train_acc": [0.41796875, 0.5954861111111112, 0.7061631944444444, 0.7556423611111112, 0.7999131944444444, 0.8107638888888888, 0.8151041666666666, 0.8363715277777778, 0.8350694444444444, 0.8363715277777778, 0.8563368055555556, 0.8628472222222222, 0.8663194444444444, 0.8823784722222222, 0.8832465277777778, 0.8914930555555556, 0.8962673611111112, 0.8993055555555556, 0.8949652777777778, 0.9014756944444444, 0.9084201388888888, 0.91015625, 0.9027777777777778, 0.9192708333333334, 0.9197048611111112, 0.9275173611111112, 0.9370659722222222, 0.9283854166666666, 0.9249131944444444, 0.9396701388888888, 0.9522569444444444, 0.9453125, 0.9479166666666666, 0.9427083333333334, 0.9544270833333334, 0.9539930555555556, 0.9552951388888888, 0.9548611111111112, 0.9561631944444444, 0.9613715277777778, 0.9665798611111112, 0.9665798611111112, 0.9635416666666666, 0.9661458333333334, 0.9683159722222222, 0.9670138888888888, 0.9722222222222222], "val_loss": [1.3069601210637785, 0.844051685887824, 0.6676291576910682, 0.4503717442926308, 0.384114978386915, 0.33196434568221245, 0.31287565394850897, 0.4128724742406761, 0.43650509088224254, 0.34340383045034667, 0.2637271057836578, 0.29952137730645373, 0.2670177934583921, 0.22695862610729978, 0.2824646172152599, 0.3060020666799062, 0.310902607036573, 0.22276128210853155, 0.2656219001437276, 0.23879197981971395, 0.2471502484609308, 0.20873850178173475, 0.14434084411762343, 0.1592075043241262, 0.1841963720183901, 0.26470509751757265, 0.1948491473410049, 0.22554069875959848, 0.17990602866911273, 0.14941593826883592, 0.20438249768396732, 0.14219988567039935, 0.14438295703581266, 0.1500622324319649, 0.16396401333020885, 0.18454850787226532, 0.19861407837576822, 0.17437202827801287, 0.17568993914287323, 0.17925813603150115, 0.16601455701926118, 0.14861393788048097, 0.16351815610827794, 0.14657975088945677, 0.16169831804768228, 0.1763169126137054, 0.17205176953870663], "val_acc": [0.5825049701789264, 0.6779324055666004, 0.8011928429423459, 0.856858846918489, 0.8707753479125249, 0.878727634194831, 0.878727634194831, 0.8548707753479126, 0.8588469184890656, 0.8946322067594433, 0.9105367793240556, 0.9065606361829026, 0.9165009940357853, 0.9085487077534792, 0.9204771371769384, 0.9204771371769384, 0.8966202783300199, 0.9264413518886679, 0.9145129224652088, 0.9383697813121272, 0.9363817097415507, 0.9403578528827038, 0.9423459244532804, 0.9502982107355865, 0.9324055666003976, 0.9244532803180915, 0.9363817097415507, 0.9304174950298211, 0.9363817097415507, 0.9463220675944334, 0.9343936381709742, 0.9443339960238568, 0.9502982107355865, 0.9502982107355865, 0.9562624254473161, 0.9463220675944334, 0.9403578528827038, 0.9443339960238568, 0.9502982107355865, 0.952286282306163, 0.9562624254473161, 0.9642147117296223, 0.9582504970178927, 0.9602385685884692, 0.9582504970178927, 0.9562624254473161, 0.9602385685884692]}