{"train_loss": [1.712281104799465, 1.5269209471803942, 1.423569278965286, 1.3200704410122688, 1.2594112082830995, 1.1799421523501712, 1.1122233812824507, 1.0611943821586394, 1.0363066111107453, 0.9976899486301778, 0.955895103446315, 0.9589361596262636, 0.9519875110359357, 0.8656492660981714, 0.8781841707850226, 0.8369401636971827, 0.8639457109951921, 0.8065786009496826, 0.7885540339538177, 0.8085023888021126, 0.8004837685189898, 0.7698430780216308, 0.7672278401132778, 0.736342821048811, 0.7145002637082739, 0.7046800915434666, 0.737750776832895, 0.7054197773240394, 0.6637766775753907, 0.6732948116521773, 0.6993716595229772, 0.6631540150549303, 0.7059818485553766, 0.6892328253537093, 0.6541397123688473, 0.7903156314651257, 0.651770514262731, 0.6323938927526329, 0.6553888366434424, 0.6590283271030335, 0.5876415817442788, 0.6644151896820151, 0.5979699207748612, 0.5966838023667739, 0.6821301478367306, 0.6420376128979722, 0.58289123388278, 0.5917131032705825, 0.5799280838762084, 0.5347426814267537, 0.5729361078227161, 0.5487672166555408, 0.5908718858003099, 0.562730430315477, 0.5514730455559919, 0.5396423447933735, 0.509676001070637, 0.5576447415507021, 0.5418764823946673, 0.5352505706460771, 0.4666300376816582, 0.4923508349830313, 0.5102113103142529, 0.5393226897638945, 0.4909053101068981, 0.48914302383224256, 0.5514723527457347, 0.5272573944286255, 0.49358789357084, 0.47102343058637836, 0.49173816350690713, 0.4741905145169339, 0.4520951880808766, 0.4713273956563623, 0.46818158383483227, 0.4499915275811632, 0.4521278836463382, 0.44937623595887566, 0.4413972310544095, 0.4435068955907594, 0.5101849344961038, 0.4453905060079248, 0.4627911823690584, 0.479112867186747, 0.4472655315331937, 0.43768343656544056, 0.43750827596916814, 0.4793289187414786, 0.4002571893100366, 0.4201678370188219, 0.4841522924812135], "train_acc": [0.42863340563991326, 0.5032537960954447, 0.5336225596529284, 0.5696312364425162, 0.5956616052060738, 0.6260303687635574, 0.652060737527115, 0.6555314533622559, 0.665943600867679, 0.6811279826464208, 0.6993492407809111, 0.6898047722342733, 0.6824295010845987, 0.7054229934924078, 0.7154013015184382, 0.7292841648590022, 0.7132321041214751, 0.7357917570498915, 0.73058568329718, 0.7422993492407809, 0.7383947939262473, 0.7509761388286335, 0.7383947939262473, 0.7605206073752712, 0.7600867678958785, 0.7661605206073753, 0.7566160520607376, 0.7639913232104122, 0.7787418655097614, 0.768763557483731, 0.7631236442516269, 0.7852494577006508, 0.7600867678958785, 0.7570498915401301, 0.7735357917570499, 0.7197396963123645, 0.7796095444685467, 0.7761388286334057, 0.7739696312364425, 0.7557483731019523, 0.7926247288503254, 0.7613882863340564, 0.7943600867678958, 0.8021691973969631, 0.768763557483731, 0.779175704989154, 0.7956616052060738, 0.7934924078091107, 0.8017353579175704, 0.8095444685466378, 0.810412147505423, 0.810412147505423, 0.7869848156182213, 0.806941431670282, 0.810412147505423, 0.8065075921908894, 0.813882863340564, 0.8, 0.8117136659436008, 0.8052060737527115, 0.8368763557483732, 0.8260303687635575, 0.8130151843817788, 0.8221258134490239, 0.8234273318872017, 0.8212581344902387, 0.8182212581344902, 0.8143167028199566, 0.8164859002169197, 0.8394793926247288, 0.8234273318872017, 0.8364425162689805, 0.838177874186551, 0.8355748373101952, 0.8268980477223428, 0.8295010845986985, 0.8377440347071583, 0.8351409978308026, 0.8477223427331887, 0.8351409978308026, 0.8082429501084599, 0.841648590021692, 0.8368763557483732, 0.8169197396963124, 0.8438177874186551, 0.8338394793926247, 0.8360086767895879, 0.8199566160520607, 0.8603036876355749, 0.8399132321041215, 0.8238611713665943], "val_loss": [1.577635233492311, 1.3385526960934133, 1.3072833164074786, 1.7404384911652824, 1.145693428592227, 1.1076644478924942, 1.1146548379723642, 0.8956528040571193, 0.872104671793003, 0.8893850474186967, 1.0172761186927735, 1.240043347682915, 0.990570929368021, 1.1377690742551452, 1.1751313285372604, 0.8439501313044584, 0.6122641785599839, 1.128259660590951, 0.6698562038347687, 0.7528173526523128, 0.6237400382697937, 0.5999307385969825, 0.5487134953734889, 0.5208127254520212, 0.9887246936263432, 0.7902840726655236, 0.570057102629015, 0.5653981466890566, 0.9442795275693859, 0.6179810934820421, 0.5341758233889434, 0.5938281471994715, 0.4584293805699699, 0.5448546590909332, 0.7429799774058059, 0.6190819441679695, 0.4694265815064637, 0.4518984395632924, 0.459858909160432, 0.48523994444852797, 0.5348872359893905, 0.4137783205769882, 0.46011913806259275, 0.707563280585272, 0.41012122729426587, 0.4118929907057442, 0.40807255735217224, 0.41351086019758676, 0.44321800190696187, 0.5112744495717005, 0.4529476229760566, 0.5025968251835043, 0.41888991958104355, 0.5756203939260592, 0.4213676863825819, 0.34445373456236383, 0.4540398279667849, 0.4609394405281567, 0.3966114988502404, 0.3320674205987638, 0.4265796740059824, 0.5442311386938834, 0.3914062470849418, 0.35467083725493187, 0.3238326097222019, 0.42765771347296166, 0.5053267659060287, 0.4383130065844974, 0.35003818219035093, 0.7020572003265972, 0.31490666109690846, 0.30148451821230515, 0.29740289087679467, 0.4070818026070566, 0.30152619199060776, 0.2950280023438793, 0.3617768112281208, 0.3233930825535393, 0.3456321928657547, 0.33323576255418197, 0.27500543587842946, 0.2962435621390523, 0.2917260606412148, 0.2975468502248495, 0.2978164208515975, 0.4273354031930624, 0.2955469548939237, 0.38074475858604934, 0.30974434970861403, 0.37669437306064735, 0.31901748285852893], "val_acc": [0.4731610337972167, 0.5308151093439364, 0.5666003976143141, 0.5089463220675944, 0.6520874751491054, 0.5785288270377733, 0.6520874751491054, 0.7276341948310139, 0.7534791252485089, 0.7176938369781312, 0.6381709741550696, 0.5805168986083499, 0.6441351888667992, 0.6560636182902585, 0.5805168986083499, 0.6500994035785288, 0.8170974155069582, 0.6003976143141153, 0.7773359840954275, 0.7793240556660039, 0.8151093439363817, 0.7833001988071571, 0.8011928429423459, 0.831013916500994, 0.6779324055666004, 0.709741550695825, 0.8031809145129225, 0.7693836978131213, 0.709741550695825, 0.7952286282306164, 0.8250497017892644, 0.757455268389662, 0.8151093439363817, 0.8091451292246521, 0.6898608349900597, 0.7872763419483101, 0.831013916500994, 0.8389662027833003, 0.8230616302186878, 0.8190854870775348, 0.7753479125248509, 0.8608349900596421, 0.8508946322067594, 0.7296222664015904, 0.8667992047713717, 0.8608349900596421, 0.8727634194831014, 0.8290258449304175, 0.8449304174950298, 0.8071570576540755, 0.8369781312127237, 0.827037773359841, 0.8807157057654076, 0.7892644135188867, 0.8508946322067594, 0.8886679920477137, 0.8409542743538767, 0.8170974155069582, 0.8250497017892644, 0.882703777335984, 0.852882703777336, 0.7554671968190855, 0.856858846918489, 0.8687872763419483, 0.878727634194831, 0.8330019880715706, 0.8210735586481114, 0.805168986083499, 0.8727634194831014, 0.7395626242544732, 0.8926441351888668, 0.8906560636182903, 0.9005964214711729, 0.8648111332007953, 0.8886679920477137, 0.9065606361829026, 0.8946322067594433, 0.8886679920477137, 0.878727634194831, 0.8866799204771372, 0.9145129224652088, 0.8767395626242545, 0.8966202783300199, 0.8807157057654076, 0.8926441351888668, 0.8449304174950298, 0.8846918489065606, 0.8667992047713717, 0.8807157057654076, 0.8469184890656064, 0.8926441351888668]}