{"train_loss": [2.009042588886409, 1.8176261909610953, 1.6247068427166933, 1.4229155139682925, 1.2262803369904365, 1.05359122085171, 0.9055037222028655, 0.7749816301236748, 0.6928353631734098, 0.6049527016166375, 0.5351942032731968, 0.47763000630381724, 0.43337174721554717, 0.4029054849683175, 0.37042387904050095, 0.3410926008712332, 0.31557399828811755, 0.2997032747000987, 0.27951151079421027, 0.2689803036131113, 0.24487844675560438, 0.23771725928045395, 0.2178421681443892, 0.22136854176318657, 0.21086652695757394, 0.20298418363581675, 0.19463772513558708, 0.18363607817907024, 0.17778558796906896, 0.17625818940237212, 0.16839189812587915, 0.17241321643276955, 0.15947950596198956, 0.1539717965289278, 0.14463071052106205, 0.14647920725228028, 0.1440963047514557, 0.1453873476664392, 0.13617667882602588, 0.12675896046169158, 0.1319284763144171, 0.1328810151951761, 0.12350483549854563, 0.12300106729033862, 0.11518161191144745, 0.11669005223736557, 0.11319213796793977, 0.11130969278741108, 0.10937523252378606, 0.10677521274760288, 0.11048941696521994, 0.10524452722397831, 0.10143968796773822, 0.09787950900472224, 0.0982359262165718, 0.0948067429081653, 0.09582013301824972, 0.09473590236567625, 0.09380909171960036, 0.0871265334588283, 0.09103481112691063, 0.0866729546678404, 0.09074190496647845, 0.0853335333153496, 0.08238233659115443, 0.08412257822744494, 0.08538073828250389, 0.07909065932191807, 0.08080199288530715, 0.07812828909906736, 0.08245520162956099, 0.07902195625953135, 0.07805524159766195, 0.07272589117570039, 0.0760703052004168, 0.07279155067591327, 0.07897189084405289, 0.06915828290885043, 0.07097445605840663, 0.07323678715031395, 0.06562961686250107, 0.06624861420029608, 0.0667464717644084, 0.06510948301815786, 0.06129367874323509, 0.06206138197094171, 0.0641624182658143, 0.06278298375395137, 0.06318310809254271, 0.05965353511391131, 0.061539288336588976, 0.05779014760384029, 0.059492591002336455, 0.05669449509394131, 0.056946653001018234, 0.059008489958042865, 0.06022065185237156, 0.053763017730722895, 0.054960652622946415, 0.05229154665996433], "train_acc": [0.49213011542497376, 0.8300104931794333, 0.9003147953830011, 0.9097586568730325, 0.9087093389296957, 0.9160545645330536, 0.9202518363064008, 0.9233997901364114, 0.9338929695697796, 0.9233997901364114, 0.925498426023085, 0.9275970619097587, 0.9286463798530955, 0.9328436516264428, 0.925498426023085, 0.9317943336831059, 0.938090241343127, 0.9433368310598111, 0.938090241343127, 0.9401888772298006, 0.950682056663169, 0.9422875131164743, 0.9464847848898216, 0.9454354669464848, 0.9517313746065058, 0.9496327387198321, 0.9464847848898216, 0.9538300104931794, 0.9485834207764953, 0.9496327387198321, 0.9590766002098636, 0.9548793284365162, 0.9601259181532005, 0.9559286463798531, 0.9643231899265478, 0.9601259181532005, 0.9601259181532005, 0.9580272822665268, 0.9601259181532005, 0.9632738719832109, 0.9559286463798531, 0.9632738719832109, 0.9664218258132214, 0.9622245540398741, 0.9674711437565582, 0.9611752360965372, 0.9664218258132214, 0.9695697796432319, 0.9674711437565582, 0.968520461699895, 0.9664218258132214, 0.9643231899265478, 0.9695697796432319, 0.9653725078698846, 0.9653725078698846, 0.9653725078698846, 0.9643231899265478, 0.968520461699895, 0.9695697796432319, 0.9727177334732424, 0.9706190975865687, 0.968520461699895, 0.9737670514165793, 0.9727177334732424, 0.9706190975865687, 0.9758656873032528, 0.9727177334732424, 0.974816369359916, 0.9737670514165793, 0.9727177334732424, 0.9737670514165793, 0.968520461699895, 0.9779643231899265, 0.9758656873032528, 0.9779643231899265, 0.9758656873032528, 0.9727177334732424, 0.9790136411332634, 0.9758656873032528, 0.9727177334732424, 0.9758656873032528, 0.9779643231899265, 0.9758656873032528, 0.9758656873032528, 0.9821615949632738, 0.9811122770199371, 0.974816369359916, 0.9769150052465897, 0.9769150052465897, 0.9811122770199371, 0.9779643231899265, 0.9800629590766002, 0.9811122770199371, 0.9800629590766002, 0.9842602308499475, 0.9779643231899265, 0.9790136411332634, 0.9853095487932844, 0.9800629590766002, 0.9769150052465897], "val_loss": [1.9035167740612495, 1.7130737019748223, 1.517863319559795, 1.3189382797334253, 1.1322700192288655, 0.9704083346739047, 0.8405216071663834, 0.7331547850515784, 0.6474118561279483, 0.5724467274619311, 0.5162202288464802, 0.4674350622223645, 0.42859837747201684, 0.39448309627974903, 0.3652285238591636, 0.3425979163588547, 0.3224064624891049, 0.3030791426577219, 0.28827538868276087, 0.2741781250732701, 0.26178924790242825, 0.24980593381858454, 0.24045179195520355, 0.2316494115242144, 0.2242565427611514, 0.21654634759193514, 0.21012680530548095, 0.2044810264575772, 0.19905711143482022, 0.1940225899219513, 0.1892202583028049, 0.18539324897091564, 0.18218317918661164, 0.17847021127619395, 0.17512332091971142, 0.1732156292694371, 0.16947742678770206, 0.16658346195046494, 0.1639584582753298, 0.1621292373756083, 0.15932489386418971, 0.15722077808729032, 0.1552502121867203, 0.15323703078235068, 0.15319639429813478, 0.15138302031086712, 0.1504506603246782, 0.1488485688843378, 0.14708165381012894, 0.14677252427833837, 0.1450194909078319, 0.14428102679368926, 0.14281179490612775, 0.1420540978268879, 0.14226480075498907, 0.14105543043555283, 0.1408917355828169, 0.1390752003687184, 0.13922977803683861, 0.13884645213441152, 0.13901267138923087, 0.13793834113493197, 0.13661047358338427, 0.1374525142879021, 0.13619588286411471, 0.13735709510198454, 0.1354751590548492, 0.1338308308909579, 0.13513518826263707, 0.1346532419687364, 0.1339216938106025, 0.13336667854611467, 0.13380566740908273, 0.1331506040765018, 0.13246693538456428, 0.13241831384054045, 0.1334163297240327, 0.13163588592192021, 0.13438237694705404, 0.13143210425609494, 0.13296517976900427, 0.1326006467022547, 0.13343669510469203, 0.13352731124656955, 0.13189754486083985, 0.13296951971402982, 0.1319361241125479, 0.13050801819417535, 0.12983533594666458, 0.12858092704924143, 0.13020151613689052, 0.1322458052053684, 0.13155769407749177, 0.12985890565848932, 0.13069151770777818, 0.1318875362233418, 0.13158994840412605, 0.1318842062136022, 0.13089114311264782, 0.12871884565527847],