{"train_loss": [1.5407554331578706, 0.765910206186144, 0.47514052940042395, 0.3494971276113861, 0.2831051271997, 0.2414186908226264, 0.21532336783252265, 0.1968932720391374, 0.17858141445015607, 0.16674703506654814, 0.15541433554730918, 0.14822497533536272, 0.13856690328960355, 0.13369517558695454, 0.12877187070093657, 0.12175612338377458, 0.11900882350378915, 0.11437671449231473, 0.1114589718415549, 0.10709177499735041, 0.10199823639796753, 0.10108435124060826, 0.09704810907378009, 0.0935522209460798, 0.09181725522993427, 0.08910568462880819, 0.08546674290769979, 0.08173527035028919, 0.08110255089245344, 0.08082276042795887, 0.07923533511593153, 0.0762163508879511, 0.07305668353740322, 0.07200004808898819, 0.06925303167663514, 0.0677495730771242, 0.06958754215830643, 0.06798616207547878, 0.0649564012198856, 0.06355846291898112, 0.06146751157204179, 0.06347463828707604, 0.05974165350443831, 0.05936524222457879, 0.056727979715153774, 0.0562880181217272, 0.055498853048897887, 0.05484894426343472, 0.05274566174974959, 0.05237873867889376, 0.05108875432051718, 0.050156493780301195, 0.0497325948966471, 0.047544139101611156, 0.045083430375119575, 0.045930162155510566, 0.04467681720730309, 0.04439354070989219, 0.04364752634428441, 0.04417749974190405, 0.042139041346595865, 0.04170239435900983, 0.040049947817858894, 0.039115292491930485, 0.039819652369049816, 0.0387076577355497, 0.03925289933961865, 0.03682024713336049, 0.03835578091859229, 0.03645442433863584, 0.03682143885985409, 0.03499276018824036], "train_acc": [0.7402960526315789, 0.9115131578947369, 0.9231907894736842, 0.9320723684210527, 0.9373355263157894, 0.9424342105263158, 0.9457236842105263, 0.9455592105263158, 0.9508223684210526, 0.9526315789473684, 0.9549342105263158, 0.9555921052631579, 0.9598684210526316, 0.9577302631578948, 0.9626644736842105, 0.9623355263157894, 0.9648026315789474, 0.9646381578947368, 0.9638157894736842, 0.9648026315789474, 0.9697368421052631, 0.968421052631579, 0.9675986842105263, 0.9694078947368421, 0.9707236842105263, 0.9722039473684211, 0.9743421052631579, 0.9743421052631579, 0.9736842105263158, 0.9743421052631579, 0.9725328947368421, 0.9746710526315789, 0.9759868421052632, 0.9776315789473684, 0.9787828947368421, 0.9773026315789474, 0.9764802631578947, 0.9758223684210526, 0.978125, 0.9786184210526315, 0.9799342105263158, 0.9786184210526315, 0.9800986842105263, 0.9814144736842105, 0.9797697368421052, 0.9825657894736842, 0.9822368421052632, 0.9825657894736842, 0.9848684210526316, 0.9842105263157894, 0.9837171052631579, 0.9855263157894737, 0.9856907894736842, 0.9858552631578947, 0.9860197368421053, 0.9853618421052631, 0.9848684210526316, 0.9871710526315789, 0.9878289473684211, 0.9855263157894737, 0.9861842105263158, 0.9868421052631579, 0.9883223684210526, 0.9879934210526315, 0.9873355263157895, 0.9883223684210526, 0.9884868421052632, 0.9894736842105263, 0.9873355263157895, 0.9883223684210526, 0.9886513157894737, 0.9904605263157895], "val_loss": [0.9066331090927124, 0.4729755685329437, 0.3201970579624176, 0.2537547596693039, 0.21769443464279176, 0.19438622081279755, 0.1729273931980133, 0.1674954446554184, 0.15601284039020538, 0.15169004988670348, 0.145537903547287, 0.14648196744918823, 0.1430574414730072, 0.1430877016186714, 0.13737774550914764, 0.13693680864572524, 0.13498686361312867, 0.13283258801698686, 0.13626378732919692, 0.13440018886327743, 0.13392227339744567, 0.12502080392837525, 0.13200410002470017, 0.1280279097557068, 0.1302413448691368, 0.12969633907079697, 0.12779677867889405, 0.12588689893484115, 0.1345654777288437, 0.12372317701578141, 0.12546461617946625, 0.1266862468421459, 0.12511658263206482, 0.13054422107338906, 0.12617371824383736, 0.1295767964720726, 0.12595441111922265, 0.12605305701494218, 0.12345445993542671, 0.1248167607486248, 0.12375243911147117, 0.12853024196624757, 0.13009433150291444, 0.12656926718354225, 0.1254735711812973, 0.12552970305085182, 0.12629601302742957, 0.1265916326791048, 0.12490351177752018, 0.12215138864517212, 0.12475797642767429, 0.12360183560848235, 0.13303993514180185, 0.12459344156086445, 0.13052110852301121, 0.12442012590169907, 0.12976541705429553, 0.12716316631436347, 0.12472476328909397, 0.1213868442773819, 0.12563599655032157, 0.1262042939811945, 0.12251188406348229, 0.12568910217285156, 0.12213933849334717, 0.12783990605175496, 0.1258410874158144, 0.12645451743900776, 0.13036544099450112, 0.13070890671014787, 0.12268922267854214, 0.12257532761991025], "val_acc": [0.92, 0.93, 0.932, 0.938, 0.942, 0.95, 0.956, 0.952, 0.958, 0.958, 0.956, 0.96, 0.96, 0.958, 0.956, 0.952, 0.954, 0.954, 0.954, 0.956, 0.954, 0.958, 0.956, 0.958, 0.956, 0.956, 0.956, 0.958, 0.96, 0.958, 0.96, 0.958, 0.958, 0.956, 0.96, 0.962, 0.958, 0.96, 0.962, 0.958, 0.96, 0.952, 0.954, 0.956, 0.96, 0.96, 0.954, 0.96, 0.958, 0.96, 0.956, 0.96, 0.956, 0.96, 0.962, 0.962, 0.954, 0.96, 0.956, 0.962, 0.958, 0.954, 0.958, 0.958, 0.96, 0.966, 0.956, 0.96, 0.954, 0.964, 0.958, 0.958]}