{"train_loss": [1.6141397853692372, 1.125031765964296, 0.8249758275018798, 0.671063101126088, 0.5818726412124104, 0.487761960675319, 0.45782619569864536, 0.43143803709083134, 0.41987579678081804, 0.36852717192636597, 0.3631246489369207, 0.3233151194742984, 0.3344713718526893, 0.32720353154258597, 0.2974454378709197, 0.28752743028518224, 0.30398094731693465, 0.27387448451999163, 0.27923921273193425, 0.2273383660035001, 0.22419726838254267, 0.19732801750716236, 0.17885176682223877, 0.16079633287154138, 0.16651806416403916, 0.17030064878053963, 0.15107574581634253, 0.13659039319544616, 0.18393976559552053, 0.1397867726886438, 0.1334253106938882, 0.1326819928492316, 0.1225941577124306, 0.10138675942370254, 0.12337834534183559, 0.09538790720721914, 0.09774569551356965, 0.10021761116028453, 0.09286698407312441, 0.10283602610515016, 0.08087765429970911, 0.10167026442811927, 0.10346120955526, 0.10597245557518262, 0.07150789915532288, 0.07443677634324154, 0.095464779510318, 0.08648756352098037, 0.07807925404954909, 0.08784454083070159, 0.07630333600617531, 0.06643054619457366, 0.07695187034551054, 0.07190442587468876, 0.08232565409141696, 0.06815697317425576, 0.07032538139416526], "train_acc": [0.4136284722222222, 0.6258680555555556, 0.75, 0.7660590277777778, 0.8055555555555556, 0.8207465277777778, 0.8324652777777778, 0.8467881944444444, 0.8580729166666666, 0.8676215277777778, 0.8697916666666666, 0.8845486111111112, 0.8802083333333334, 0.8914930555555556, 0.8914930555555556, 0.8953993055555556, 0.8958333333333334, 0.8988715277777778, 0.9010416666666666, 0.9205729166666666, 0.9223090277777778, 0.9314236111111112, 0.9366319444444444, 0.9409722222222222, 0.9418402777777778, 0.9409722222222222, 0.9440104166666666, 0.9505208333333334, 0.9401041666666666, 0.9552951388888888, 0.9513888888888888, 0.9535590277777778, 0.9565972222222222, 0.9631076388888888, 0.9518229166666666, 0.9626736111111112, 0.9609375, 0.9639756944444444, 0.9661458333333334, 0.9678819444444444, 0.96875, 0.9661458333333334, 0.9700520833333334, 0.9657118055555556, 0.9713541666666666, 0.9748263888888888, 0.9670138888888888, 0.9678819444444444, 0.9717881944444444, 0.9700520833333334, 0.9735243055555556, 0.9782986111111112, 0.9748263888888888, 0.9765625, 0.9752604166666666, 0.9796006944444444, 0.9752604166666666], "val_loss": [1.1321306982286883, 0.685628583843618, 0.52695605496526, 0.5272129548650613, 0.35235116564137325, 0.30177185794053446, 0.3403713819876343, 0.31160601508427804, 0.26745307710666066, 0.2553252140671074, 0.2593099402400774, 0.3253911204532411, 0.27075119746134246, 0.19851940997670706, 0.2677864854188847, 0.21442387546329328, 0.3144515527497466, 0.24093734163413227, 0.22447668489209463, 0.334971270736892, 0.19150988502838975, 0.24440394172715263, 0.2325857074831281, 0.18294939238052246, 0.19726809836316772, 0.1824794517048666, 0.20507212736408706, 0.25264112320663795, 0.22958475479459906, 0.19915397154170997, 0.27897337521194937, 0.18575869796512495, 0.1741066629707695, 0.19460135261356, 0.20322895170028357, 0.20823589173954712, 0.20700329395518388, 0.22293562890876595, 0.16528349638977652, 0.16040015146210346, 0.1835033902111528, 0.13987448449370637, 0.17326612814253653, 0.19852170987317624, 0.22678845138964845, 0.21388874868408705, 0.16829358207924702, 0.18480800748774948, 0.19632395800706703, 0.16861491528882183, 0.18495940480744152, 0.1939603737157364, 0.219892873404692, 0.1930176331911599, 0.21694083215398474, 0.19328329352028742, 0.18928645774499914], "val_acc": [0.5924453280318092, 0.7415506958250497, 0.8290258449304175, 0.7852882703777336, 0.8667992047713717, 0.882703777335984, 0.8548707753479126, 0.9005964214711729, 0.8767395626242545, 0.9065606361829026, 0.9105367793240556, 0.8986083499005965, 0.9204771371769384, 0.9284294234592445, 0.9184890656063618, 0.9145129224652088, 0.904572564612326, 0.9324055666003976, 0.9324055666003976, 0.8986083499005965, 0.9343936381709742, 0.9224652087475149, 0.9363817097415507, 0.9383697813121272, 0.9363817097415507, 0.9502982107355865, 0.9423459244532804, 0.9284294234592445, 0.9324055666003976, 0.9443339960238568, 0.9403578528827038, 0.9463220675944334, 0.9463220675944334, 0.9463220675944334, 0.9403578528827038, 0.94831013916501, 0.9582504970178927, 0.9443339960238568, 0.94831013916501, 0.9562624254473161, 0.9502982107355865, 0.9622266401590457, 0.9562624254473161, 0.9443339960238568, 0.9463220675944334, 0.9423459244532804, 0.9542743538767395, 0.94831013916501, 0.9423459244532804, 0.9502982107355865, 0.9502982107355865, 0.952286282306163, 0.9502982107355865, 0.9562624254473161, 0.9502982107355865, 0.952286282306163, 0.9582504970178927]}