{
  "train_loss": [
    2.254069,
    1.725158,
    1.208828,
    0.851305,
    0.642099,
    0.507558,
    0.437641,
    0.372038,
    0.322802,
    0.293157,
    0.274993,
    0.252422,
    0.228073,
    0.214154,
    0.209869,
    0.194483,
    0.189041,
    0.17621,
    0.157049,
    0.165638,
    0.152145,
    0.144737,
    0.143663,
    0.137055,
    0.128332,
    0.123436,
    0.127748,
    0.117241,
    0.119391,
    0.114743,
    0.11075,
    0.103069,
    0.100758,
    0.101028,
    0.093683,
    0.088363,
    0.092515,
    0.087746,
    0.084139,
    0.084542,
    0.083447,
    0.080998,
    0.082816,
    0.076355,
    0.074111,
    0.069614,
    0.071327,
    0.071955,
    0.07329,
    0.064127,
    0.065988,
    0.06169,
    0.060861,
    0.061514,
    0.063128,
    0.058659,
    0.055759,
    0.05673,
    0.057946,
    0.054622,
    0.058378,
    0.054775,
    0.055686,
    0.056019,
    0.050289,
    0.055197,
    0.05278,
    0.053424,
    0.050175,
    0.052993,
    0.051678,
    0.052631,
    0.050245,
    0.049669,
    0.048479,
    0.052056,
    0.053214
  ],
  "val_loss": [
    1.967631,
    1.39549,
    0.958719,
    0.69259,
    0.540722,
    0.447724,
    0.389622,
    0.34396,
    0.313249,
    0.290425,
    0.273379,
    0.258368,
    0.247558,
    0.232,
    0.223503,
    0.215543,
    0.210276,
    0.202828,
    0.200271,
    0.193892,
    0.194433,
    0.188546,
    0.181769,
    0.17729,
    0.176704,
    0.173208,
    0.169823,
    0.168631,
    0.167261,
    0.163639,
    0.165332,
    0.159698,
    0.161569,
    0.157172,
    0.156886,
    0.154105,
    0.153673,
    0.15191,
    0.150932,
    0.151065,
    0.147485,
    0.147955,
    0.144696,
    0.143366,
    0.147252,
    0.14851,
    0.149426,
    0.14376,
    0.144897,
    0.144871,
    0.142651,
    0.14147,
    0.143558,
    0.142201,
    0.142171,
    0.140709,
    0.139632,
    0.142075,
    0.140808,
    0.14201,
    0.140873,
    0.142286,
    0.142484,
    0.140757,
    0.141844,
    0.141275,
    0.139305,
    0.140015,
    0.14002,
    0.140824,
    0.14064,
    0.140773,
    0.141366,
    0.140469,
    0.14082,
    0.140928,
    0.140922
  ],
  "train_acc": [
    0.565993,
    0.835315,
    0.840666,
    0.865636,
    0.879905,
    0.881688,
    0.882878,
    0.89239,
    0.897146,
    0.90547,
    0.907848,
    0.909631,
    0.91201,
    0.926278,
    0.922117,
    0.926873,
    0.926873,
    0.928656,
    0.934602,
    0.938763,
    0.935196,
    0.942331,
    0.939952,
    0.935791,
    0.945303,
    0.945303,
    0.942925,
    0.948276,
    0.950059,
    0.946492,
    0.944709,
    0.953032,
    0.957194,
    0.95541,
    0.958977,
    0.960166,
    0.953627,
    0.960166,
    0.959572,
    0.96195,
    0.957788,
    0.956599,
    0.956599,
    0.959572,
    0.96195,
    0.967895,
    0.966112,
    0.962545,
    0.964923,
    0.966706,
    0.970273,
    0.96849,
    0.972057,
    0.969084,
    0.972652,
    0.973246,
    0.98038,
    0.973246,
    0.978002,
    0.974435,
    0.972057,
    0.973841,
    0.972057,
    0.97503,
    0.976219,
    0.976219,
    0.974435,
    0.976219,
    0.978597,
    0.976813,
    0.979191,
    0.975624,
    0.97503,
    0.978597,
    0.976219,
    0.973841,
    0.97503
  ],
  "val_acc": [
    0.861878,
    0.853591,
    0.850829,
    0.859116,
    0.861878,
    0.867403,
    0.875691,
    0.889503,
    0.88674,
    0.89779,
    0.895028,
    0.906077,
    0.911602,
    0.90884,
    0.90884,
    0.917127,
    0.91989,
    0.922652,
    0.914365,
    0.925414,
    0.91989,
    0.917127,
    0.922652,
    0.91989,
    0.917127,
    0.928177,
    0.925414,
    0.922652,
    0.928177,
    0.928177,
    0.928177,
    0.928177,
    0.928177,
    0.930939,
    0.930939,
    0.930939,
    0.928177,
    0.930939,
    0.922652,
    0.928177,
    0.933702,
    0.930939,
    0.930939,
    0.925414,
    0.928177,
    0.930939,
    0.930939,
    0.925414,
    0.933702,
    0.928177,
    0.936464,
    0.939227,
    0.936464,
    0.933702,
    0.936464,
    0.939227,
    0.939227,
    0.936464,
    0.939227,
    0.936464,
    0.939227,
    0.939227,
    0.936464,
    0.941989,
    0.941989,
    0.939227,
    0.941989,
    0.936464,
    0.939227,
    0.936464,
    0.939227,
    0.939227,
    0.939227,
    0.939227,
    0.939227,
    0.939227,
    0.939227
  ]
}